-- Auto-generated SQL share bundle
-- Generated by: python -m scripts.export_share_sql

-- Table: community
DELETE FROM community;
INSERT INTO community (community_id, name, city, state, center_lat, center_lng, boundary_geojson, updated_at) VALUES ('irvine-spectrum', 'Irvine Spectrum', 'Irvine', 'CA', 33.6506000, -117.7439000, NULL, NULL);
INSERT INTO community (community_id, name, city, state, center_lat, center_lng, boundary_geojson, updated_at) VALUES ('woodbridge', 'Woodbridge', 'Irvine', 'CA', 33.6770000, -117.7989000, NULL, NULL);
INSERT INTO community (community_id, name, city, state, center_lat, center_lng, boundary_geojson, updated_at) VALUES ('university-town-center', 'University Town Center', 'Irvine', 'CA', 33.6492000, -117.8427000, NULL, NULL);
INSERT INTO community (community_id, name, city, state, center_lat, center_lng, boundary_geojson, updated_at) VALUES ('turtle-rock', 'Turtle Rock', 'Irvine', 'CA', 33.6381000, -117.8107000, NULL, NULL);
INSERT INTO community (community_id, name, city, state, center_lat, center_lng, boundary_geojson, updated_at) VALUES ('northwood', 'Northwood', 'Irvine', 'CA', 33.7081000, -117.7739000, NULL, NULL);
INSERT INTO community (community_id, name, city, state, center_lat, center_lng, boundary_geojson, updated_at) VALUES ('costa-mesa-border', 'Costa Mesa Border', 'Costa Mesa', 'CA', 33.6412000, -117.9184000, NULL, NULL);

-- Table: community_metrics
DELETE FROM community_metrics;
INSERT INTO community_metrics (community_id, updated_at, median_rent, rent_2b2b, rent_1b1b, avg_sqft, grocery_density_per_km2, crime_rate_per_100k, rent_trend_12m_pct, night_activity_index, noise_avg_db, noise_p90_db, youtube_video_ids, youtube_comments, overall_confidence, details_json) VALUES ('costa-mesa-border', '2026-02-24 05:31:43.395114', NULL, NULL, NULL, NULL, 2.432, NULL, NULL, 6.67, 75.0, 82.0, '["T28q6JGg2N0", "pasiugNJiEU", "qq7DUUW658A", "ddxrI00r-XA", "1943IyY2jug", "JuhBEJTG-Tw", "6C8M4QtFrBU", "aMoiKj7tEPI", "EWC611x2OS4", "LzyeK1zb9_4"]', '["Get a $100 Amazon Gift Card when you use PODS: https://tailhappytv.com/pods-100-amazon-gift-card (super simple)\nPlease consider clicking the \"super thanks\" heart button to help support my channel! \nMoving Boxes: https://amzn.to/3h3Voo3\nRatchet straps: https://amzn.to/2Wl8s0I\nFurniture wrap: https://amzn.to/30a0gBH\nMattress bag: https://amzn.to/3esoagY\n\nNeed help moving heavy stuff? Watch my other video: http://youtu.be/AkK62JD8q8U\n\nMoving Blankets: https://amzn.to/3jCamTY\n\nGet a Free Moving Quote from U PACK before you commit to PODS: http://bit.ly/freemovingquote2", "The charge for that mileage was very expensive.", "3 separate invoices as a type of installments monthly? Or separate invoices payment imediate payment?", "Thanks for the thorough review.  I\u2019m planning a cross country move for summer 2026.", "Moving from Pittsburgh on to Fl . I hate PA", "Moving to California so you can be poorer\ud83d\ude02", "great video... and very useful! Question: do you need to be home when they pick up at the location that you are leaving from? Thanks!", "wow.  I might as well throw out what I currently have and use $3k to buy new stuff at my destination. lol", "How much would it cost from California to West virginia?", "Pack Rat is usually cheaper", "Brief back story guys:\nI asked the guy why he isnt wearing a mask when the female officer Jennifer said to all of us in the waiting room were required to wear it and gave us problems. There buddy there wasnt wearing one and yelled at me when I asked why he isnt wearing one and if I had a problem with it which I said I did,  since everyone else there had to wear one. But as usual the tyrants backed up their buddy who was there to get a CCW and didnt make him wear one when all the rest of us did, hence why I took mine off at the end. Typical Costa Mesa corruption, Thanks for the upload Phil! You\u2019re the best!", "Marathon Watching 4/19/23 Seriously?! Really NNC?! \ud83d\ude2e\ud83d\ude2e\u2764\u2764", "Wow I was pulled over by 10-Newport beach pigs and 2-Costa Mesa jerk offs no joke  for no front License plate three weeks ago and none was wearing a mask. But when I reached into my glove compartment for my registration I had a gun to my head. Pigs", "This was filmed with a potato", "\ud83d\udc4d\ud83d\ude0e", "Polly Audis just arrested a Sheriff for doing this.", "\ud83d\ude06\ud83d\ude01\ud83d\ude05 \ud83d\udcaf\ud83d\udcaf\ud83d\udc4d", "\u270c\ufe0f\ud83d\ude0e\ud83d\udcf7\ud83d\udcaf", "\"He refused the order to mask up so I yelled don''t reach for my gun!\" \n\nI''m sure it''s probably happened.", "\ud83c\udfa3\ud83c\udfa3\ud83c\udfa3\ud83c\udfa3\u2764\u2764 truckers the backbone of America", "\ud83d\udc99\ud83e\udd69", "Very useful, thank you.", "Go to Panama and visit us too.", "couldnt live without the white sneaker tip. wow", "It''s expensive probably bc you are living like a tourist.", "Hi! I''m from CR and I understand San Jos\u00e9 is not the prettiest city in the world. It def has a lot of challenges to put it lightly. But there''s neighborhoods like Rohrmoser, Escalante and you didn''t even go to Escaz\u00fa. There''s so many cute coffee shops in the capital that you missed out on.", "If it too expensive why go there?", "Which month did you travel to Costa Rica?", "Not to hate, but I\u2019m from costa rica and I get very sad when someone says not to spend time on San Jose and instead going to place that many cr people can\u2019t afford or just get discriminated there.", "Guys, i went to costa rica last year, and i\u2019m going again tomorrow. If u like tea, just be warned, they do NOT have tea. Starbucks mayyyy have some, but most places DON\u2019T. This year, my family is taking tea bags for our week in cr. Just be warned if u like tea! \u2764", "43k a month! Lmfao! We are all screwed! You mean 4,300 a month. Still crazy!", "I lived in one but you neglected to say that normally you share the room with a roommate", "$43,000 a month. I can live at home with 24/7 nurses for less. What a travesty.", "Where did you learn your math skills $43.000/month doesn''t equal over $50.000/year!!", "At $43,000 a month Thats well over $51,000 a year\ud83d\ude02", "That sounds like she meant 4,300.00 a month, not 43,000. And yes, on the low end you can expect to pay 50-60k a year. Many places are now 9-10k a month. So, 100-120k a year. And that\u2019s before the extras.", "Well I visited two upon being told it was strongly recommended my grandma go to one rather than come home. Both had dementia patients in wheel chairs just stuck in the halls and corners. It was sad", "$43k a month is WAY MORE than $51k/year. Check your math.", "My husband was looking forward to moving to assisted living without me. By all means.", "$43,000 per month, $53,000 per year?", "Which food/drink do you want to try?", "Costa Mesa is a beautiful place to visit and live. I spent my child-hood near this magical coastal city!", "Nice list better than most"]', 0.5, '{"sources": {"zori_csv": false, "overpass_grocery": true, "overpass_night_activity": true, "overpass_noise": true, "irvine_crime": false, "youtube_video": true}}');
INSERT INTO community_metrics (community_id, updated_at, median_rent, rent_2b2b, rent_1b1b, avg_sqft, grocery_density_per_km2, crime_rate_per_100k, rent_trend_12m_pct, night_activity_index, noise_avg_db, noise_p90_db, youtube_video_ids, youtube_comments, overall_confidence, details_json) VALUES ('irvine-spectrum', '2026-02-24 05:30:02.220360', 3400.2223362668137, NULL, NULL, NULL, 0.884, NULL, 2.48, 0.0, 75.0, 82.0, '["VlihgtoWi8E", "SV-_KOL3Vf4", "vtkr-PT4Bcs", "LjRl4aEWnSo", "0JZmAXoNUDw", "zGgVgERbVHk", "npR2EkyPXbo", "srt2NuMUmpk", "_QMypwMP0Bs"]', '["Thank you. I really appreciate \ud83d\ude4f your video. I had looked at several Irvine Company apartments a few years ago. But I was not in a position to afford one. Center Point, after seeing your video is now my favorite. I do remember going there and how pretty the community is, resort like, greenery, stunning property. As you said, it is like it''s own City. Second choice which I saw was The Park. I had seem more, but these two are still my top two. I will go back to work this year 2024 or early 2025. Planning to go see these two apartments, probably will pick Center Point, as it has more to offer. \nBoth truly beautiful complexes.", "The yogurt and pretzels something something also the escape gameee i played all of em (my favorite\u2019s prison break and gold rush) with my stupid cousins and my brother and my mom about 2 years ago", "Nice", "Thinking of buying or selling in Orange County? Let''s connect! \ud83d\udcf2 714-402-4212  \ud83d\udce7monica@monicacarr.com", "I''ve lived in Irvine since 1982 and I love it", "This video is fantastic! I hope to see more like this in the future!", "Thanks for putting so much effort into your videos. You''re amazing!", "You explained everything so well, I really appreciate it!", "This video was so helpful, thank you for sharing your knowledge! \ud83d\ude4f", "This city was an awesome place to grow up. Not as good as it used to be.", "Is Irvine CA walkable city?", "I''ve been to Irvine California its soulless and sterile", "Wonderful review! Thank you greatly.", "Burada ya\u015famay\u0131 ger\u00e7ekten \u00e7ok isterdim \ud83d\ude0a\ud83c\udfe1", "Chill, she did her best", "bro why did you show lit the most boring parts of irvine", "peak suburban hell", "No thanks", "\u2705 You might enjoy watching my video on Crystal Cove: https://youtu.be/n6cIfZeH4AI\r\n\u2705 Or Laguna Beach: https://youtu.be/Ek55xJ2md5E", "Habit is better than In-N-Out", "Irvine company is the worst", "Thank you Sir \u2764\u2764\u2764\u2764", "This is not. BIG mall as stated, it\u2019s okay. Beautiful spot but not much shopping options as an indoor mall.", "Very Wonderful Shopping Center Video!!! I Love the Fountains!!!! F+L, Corey", "Be careful of that Cheesecake location. Got food poisoning there.", "I was from the Orange County area. I lived thier for 11 years and the Irvine Spectrum was one of my favorite spots to go shopping.", "Wow, last time I was here Macy\u2019s was still there! Still surprised they closed that location but glad to see they repurposed the space nicely.", "I remember when spectrum juuuust started...could never believe it would become this big.", "8:20 assigned and 8:38 very difficult for someone to drive in and use grill. street parking are for guests and you have to have a pass on your car bc they monitor CONSTANTLY, meaning no time trying to drive in and use the grill", "Don\u2019t do it find another place another state", "Welcome to California. Welcome to Orange County the Irvine development company building huge compounds to shuffling people. That is their goal. Heavy taxes have a government and you will get nothing.", "Just one big heaping mound of regret why would you don\u2019t do it?", "I hope you love taxes and heavy government. Enjoy", "Why would you buy a property in California?\ud83d\ude02 What an absolute joke", "I love Woodbridge =) That''s why I sold my home in Stonegate and moved back to Woodbridge.", "Irvine is the type of place where a security guard will pull you over for your car being dirty, and it\u2019s all Asians and middle eastern people and the entire city is owned by a company \ud83d\ude02\ud83d\udc4e", "used to be great, now, not so much. also horrible people and bad drivers. moved away and thank God I did.", "Parts of Northwood have no HOA and no Mello Roos!", "I remember articles about toxic materials in the soil, found during construction in Irvine. Which area is that?\nThanks", "Thank''s for another great contribution, but Irvine is to much cookie cutter. I am not a cookie cutter loving person."]', 0.83, '{"sources": {"zori_csv": true, "overpass_grocery": true, "overpass_night_activity": true, "overpass_noise": true, "irvine_crime": false, "youtube_video": true}}');
INSERT INTO community_metrics (community_id, updated_at, median_rent, rent_2b2b, rent_1b1b, avg_sqft, grocery_density_per_km2, crime_rate_per_100k, rent_trend_12m_pct, night_activity_index, noise_avg_db, noise_p90_db, youtube_video_ids, youtube_comments, overall_confidence, details_json) VALUES ('woodbridge', '2026-02-24 05:30:17.941531', 3400.2223362668137, NULL, NULL, NULL, 0.442, NULL, 2.48, 0.0, 62.0, 69.0, '["i9Qj70vWaAY", "2nWey4MCXW4", "-8PTPy8HsmU", "U3HD51SY76Q", "84vX4334odw", "5tu2lcRB-RU"]', '["cool ill b going here this weekend im excited thanks for the heads up info the spot looks relaxing and a great view", "\ud83e\udd14Thinking of moving to or selling your home in Irvine California?\ud83c\udf34\r\n\ud83d\udcf1Call or text:  949-285-1207\r\n\ud83d\udce7Email:  info@livinginirvinecalifornia.com\r\n\ud83d\udcc5Zoom:  http://bit.ly/3ZeNnEa\r\n Full Channel: \ud83d\udc49\ud83d\udc49\ud83d\udc49: https://bit.ly/3NXecX3\r\n=======", "I live in Woodbridge and I love it \ud83d\ude0a", "Please check your mail, I''ve sent a message about your YouTube Channel", "I live in Woodbridge and I LOVE it \ud83d\ude0a", "I grew up in the houses along the lake in the beginning of the video.  I forgot if it was either north or south lake. It was in the 80s. Went to stonecreek elementary.  It was such a fun time.  I miss it. \ud83d\ude22", "Thanks for the video.  I grew up in Woodbridge. Went to Eastshore elementary and lake side middle school. Haven''t seen cali in a minute thanks again.", "Do a video on Great Park Neighborhoods", "Nice content! The theme song from the OC plays in my head every time I see y''all. Maybe it''s a sign?", "We bought our 4 bedroom home down here in Laguna Hills back in 2009 for 500K and the price has doubled now. Best place to live with no HOA or Mello Roos tax.", "Great videos! Love your content! I just think it gets too chilly in the winter near the beach especially how it is more windy with the cold sea breeze. During summer it''s perfect to me though. I prefer inland during winter due to higher warmer daytime Temps compared to the daytime Temps near the beach areas during winter or cold months.", "\ud83e\udd14Thinking of moving to or selling your home in Irvine California?\ud83c\udf34\r\n\ud83d\udcf1Call or text:  949-285-1207\r\n\ud83d\udce7Email:  info@livinginirvinecalifornia.com\r\n\ud83d\udcc5Zoom:  http://bit.ly/3ZeNnEa\r\n Full Channel: \ud83d\udc49\ud83d\udc49\ud83d\udc49: https://bit.ly/3NXecX3\r\n=======", "In Woodbridge, we are representing owners in the leasing of a beautiful 4 bedroom, single family home at 70 Summerstone. Very nice upgrades, spacious backyard:  love living in Woodbridge by leasing 70 Summerstone!\n\nhttps://www.bruceclarkgroup.com/listing-detail/1170134714/70-Summerstone-Irvine-CA\n\n#woodbridgeirvine #bruceclark #realbroker #homeforlease", "We love Irvine and Woodbridge has so many great things to offer residents. As of 10/1/2025, we have two properties available in Woodbridge:  43 Glenhurst, which is being offered for sale or for lease. A very nicely-upgraded 3 bedroom condo.\n\nhttps://www.bruceclarkgroup.com/listing-detail/1166293290/43-Glenhurst-Irvine-CA\n\n#IrvineCondo #condoforlease #irvinerealestate #woodbridge"]', 0.83, '{"sources": {"zori_csv": true, "overpass_grocery": true, "overpass_night_activity": true, "overpass_noise": true, "irvine_crime": false, "youtube_video": true}}');
INSERT INTO community_metrics (community_id, updated_at, median_rent, rent_2b2b, rent_1b1b, avg_sqft, grocery_density_per_km2, crime_rate_per_100k, rent_trend_12m_pct, night_activity_index, noise_avg_db, noise_p90_db, youtube_video_ids, youtube_comments, overall_confidence, details_json) VALUES ('university-town-center', '2026-02-24 05:30:41.067528', 3400.2223362668137, NULL, NULL, NULL, 1.326, NULL, 2.48, 16.67, NULL, NULL, '["wDzbxwCvwnA", "VRP0qwI2aiI", "-8PTPy8HsmU", "qDwa2gzdU4k", "DMn1-2AC5Pw", "He02nadfIvE", "RkeFAo46j_U", "as7Ucp2tDds", "dX09aCeDP6s", "OemD78j7oHQ", "TH309BGkaPA", "hE3oP-bG3as", "Nz2VCPxuVes", "a56Yz3v3UMU", "aDgPE4ItucQ", "iog9DvjQOJw", "Hd2wxg9z93c", "Y90Sy9L3oio", "HJ_QRDb4mpM", "zOOkLXIuRyw", "2doZYcf-Coo", "3lep-Ui5FxE", "qqDELZDhRw0", "L_qx_J2l7IE", "k3T6DzCCzL4", "cKjiXFOEBxQ", "nmDS992Eh84", "cwTxYYyz0qE", "RrE6nvwx-jU", "PzcCU0ptRQs", "wyJp732XSXo", "IcaoRyFU8a0", "kDl6zW6sBvw", "Y0Su6I_Nu3M", "5tTtzRH1QAQ", "r453eA6tJkE", "fOiGBeDSFUM", "hSBxdT42QHw", "kOOtA8Snjx0", "NitCpMg3RTE", "C46o6WnNqD8", "DfOZlWxs1aQ", "nYtWu-DH-8Y", "-H1L4lrwlso", "LJv2BkHnpU0", "ReuCsIZgXkI", "LVA9_Kd-gvg"]', '["Can you do the plaza in cypress village please?", "WOAH!", "So these are the cool dudes Elliot Rodgers envied? Man, your average INCEL looksmaxer from tiktok looks better than this people, they could be Jesse Pinkman friends \ud83d\ude02", "I graduated in 1987 and I paid $200 a month and that included 3 meals a day in all 3 dining commons and I had no roommates (single) in San Rafael hall.\n\nAfter I graduated with a CS degree, I drove up to Silicon Valley and got a job as a programmer.  In 1996, I bought a house for $200K which is now worth $3.3 million.  I retired this year financially very comfortable with a loving wife, loving family and was able to build generational wealth for my family and kids.  I had an awesome life (so far) and it was all due to CS degree from UCSB.  Enjoy yourself but remember, your future rides on what you decide to make of UCSB experience.", "Thank you, this gives me an idea of how next year will be.", "It always help having rich  mommies and daddies", "thats fucking crazy", "Death to the people you serve hi hi", "Whos gonna back up the jersey you sport white trash Olympians, your pieces of shitv Mafalaw money  Billie pie $ my my nuka why gook die pussy bike SunSet seal died.", "God knows I hated that place", "\ud83c\udfd6\ufe0f California Complete Guide \ud83d\udc49 - https://www.youtube.com/watch?v=JTaAknEwSy0", "A very poor quality video, could not read the captions", "Family Fun Center/Bullwinkle\u2019s?", "1:36\nOML THAT WAS ME IN KINDERGARTEN AND MY TWIN BRO\n(Left is meh right is meh twin bro)", "I\u2019m the boy all the way to the right when I was in kindergarten.", "I think the only fun thin in Irvine is the grate park and the spectrum", "18-blizzard", "love it", "Can we come over to see the apartment tomorrow morning or", "You aren''t even giving info through this video", "Nice where are you located?", "Garage is wide", "why advertise and not give info. just for clicks?", "were?", "How much", "How much and location?", "How much does it cost per month", "My sound is not working", "Reach out with any questions.\nCall or Text: 323-350-5770\nEmail: matt@thebritishbloke.com", "Than you. can you do a map tour for laguna area as well", "Nice video of all comparison units. Beautiful parks. Thanks for your hard work! Would love to see a review of living in Fullerton/Brea. May have contract job at biotech there. Thanks \ud83d\udc4d \ud83d\ude0e Maggie", "Which neighborhood do you prefer?", "The way he says \u201cneivorhood\u201d cracks me up lol", "I like those lakes!", "are there homes 3br 2+ba around 700 to 800k?", "Can you do similar videos but for Lake Forest, Mission Viejo, and Laguna Nigel? basically south of Orange County.", "I liked Westpark", "Hlo sir...really nice information...i am searching for a room for rent in any of these location as an international student . Can you please tell me where can i find cheapest one", "Westpark was not made in the late 80''s, they were made in 1994 (fully built all houses by 1996). Sorry to bug you about that, but who told you they were around in the 80''s?\n\nIn 1992, the area when Westpark even thought about building houses, it was all fields, and they had a thing called \"The Harvest Festival\" there. It was a yearly event (moved each year) and it''s final year (in Irvine) was 1999, off Culver and Trabuco near the 5 Freeway.", "These five are not cities, right?", "Hola mi nuera quiere comprar una casa en alguna sona de esas donde el precio sea mas accesible,cual recomendarias", "Wrong name, it\u2019s called University Town Center.", "All i see is asians", "University of Chinese Immigrants", "By the 2nd week, you''re already cramming for midterms or working on your transfer to Cal State", "It was pretty diverse when I went back in the day, but it may have changed.  You say for \"a semester\".  FYI: UCI is on the quarter system, which is a LOT harder.  By the 2nd week, you''re already cramming for midterms or working on your transfer to Cal State (which does indeed have a MUCH more humane & practical orientation).", "wait, so when there is 40%+ of white students (which is most universities) it''s considered diverse, but when its 40%+ of asian students it''s not??", "The anteater is still there", "You could use the Anteater bus!", "The Pub is still there", "It''s easy to get lost in the crowd at a UC school. When I was an undergrad I found it difficult to make friends but looking back it was largely due to being a commuter student, transferring in and not being part of a club/organization. Like most things in life it''s what you make of it, nobody is going to spoon feed you a good career, academics, and especially not a social life. I can''t speak on UCI but the UC I attended I had a very similar experience.", "\"Not diverse.\"  Just say there are too many Asians.  Be a man!", "If you''re thinking about starting your own Bnb, or need tips on furnishing and managing your properties, I''ve got some resources that might help! Check out my store \ud83d\udc49\ud83c\udffd https://tinyurl.com/4u6uhbfv", "We stayed at an air b&b in Paris & my wife fell down the stairs & was injured  in one of their apartments as the bathroom was outside the apartment across a dark hall . We called to see what they would do & the promised they would change our apartment at no cost for both apartments but when we got back home they had charged us for the second apartment & when we contacted them they gave us the run around obviously hoping we would just give up . We will never be using them again & we travel every year", "You can easily pull the refrigerator out and retrieve the sign. It\u2019s also a good practice to keep dust build up away from the refrigerator to ensure the longevity of the appliance. I do it in my own home. Easy.", "This is why they ppl don\u2019t want to use them anymore!!! No ppl should not break or steal things but why are owners posting about guests!?!? Bad move. Wham ya make your bed you gotta sleep in it.", "Move the fridge and sweep under it while you\u2019re at it.", "Wow, that seems like good money but I am not sure I could be an air bnb host. But I don\u2019t own a home, I live in an apartment. Just saying if I owned a house I would be scared to let strangers stay there and do bad things to it.", "You had many places to put the WIFI sign.  Just put the new sign in a spot where if it falls down, it''s easy to put it back up.  Your place is very nice.  The kitchen especially!", "Sell the damn place and let someone LIVE THERE!", "my airbnb guests always lose stuff too", "wow i can''t believe they took stuff", "Can we have a video on your gpa and stats", "How did you find your Bible study group ?", "Could you sound any more monotone and boring my g? Lol couldn\u2019t be me", "What''s the sound used on this video pls?", "I  was a freshman there  in 1981. My last class there was in 1992. This is mostly unrecognizable!", "I got accepted today and I\u2019m so skeptical, any help guys? \ud83d\ude2d", "is UCI different  UC Berkeley or not", "Talk to student services for student discounts", "Thank you, it\u2019s a really helpful video", "just accepted to the drama program!", "Just got in \ud83d\ude2d waiting on the other UCs but I\u2019m loving the campus so far", "Just accepted!", "Says \"Cross Culture\", literally everyone is Asian... lol", "======\nFull Channel: \ud83d\udc49\ud83d\udc49\ud83d\udc49: https://bit.ly/3NXecX3\n=======\nContact us: \ud83d\udc47\ud83d\udc47\ud83d\udc47 \n\ud83d\udcf1Call or text:  949-285-1207   \n\ud83d\udce7Email:  info@livinginirvinecalifornia.com\n\ud83d\udcc5Schedule a Zoom Call So That We Can Meet \"In-Person\":  https://calendly.com/living-in-irvine-ca/30min?month=2022-10", "0,5 bath is killing me \ud83d\ude02", "LAWD \ud83d\ude2e\ud83d\ude2e\ud83d\ude2e", "This lovely! I need this but in Arizona and half the price", "woah", "That\u2019s the price of my 3 room apartment in Singapore. Damn \ud83e\udd7a", "Really \ud83e\udd14", "Bro if u were in canada u would be broke \ud83d\ude05", "No way! this is even cheaper than in Thailand", "That\u2019s a lot of money my house is like 75k and it\u2019s like 5 times smaller but that\u2019s okay for me", "Bro they mean a month", "Thanks for stopping by!! \ud83d\ude01\ud83d\ude04\ud83d\ude04\ud83d\ude01", "En Colombia \ud83c\udde6\ud83c\uddf2 8.000 d\u00f3lares son 40 millones de pesos. \ud83d\ude2e", "Thats a crazy price", "8k for a shoebox is sinful", "What does she do?", "All she can afford left is just one cup of coffee to go.\ud83e\udd23\ud83e\udd23\ud83e\udd23\ud83e\udd23\ud83e\udd2a\ud83c\uddfa\ud83c\uddf8", "My rent $650 by the beach Rochester", "lol clearly he\u2019s never been to Maryland catching strays  \ud83d\ude02\ud83d\ude02\ud83d\ude02", "Overpaying.", "For that money, I\u2019m literally a king of the kings in Thailand", "I can not understand how to parking", "6008 Citlalli Ranch", "Angela Roads", "Abernathy Locks", "Roxane Oval", "Frami Village", "Kuhn Fork", "Leonardo Pines", "Nolan Plaza", "Mattie Mills", "\u7559\u5b66\u751f\u306fArroyo Vista\u304c\u5927\u534a\u3068\u805e\u304d\u307e\u3057\u305f\u3002\u305d\u3053\u4ee5\u5916\u306e\u5bee\u306b\u7559\u5b66\u751f\u306f\u4f4f\u3093\u3067\u3044\u307e\u3059\u304b\uff1f\u307e\u305f\u3001\u4ed6\u306e\u5bee\u3060\u3068\u7559\u5b66\u751f\u304c\u5c11\u306a\u304f\u3066\u8f9b\u3044\u601d\u3044\u3092\u3059\u308b\u3053\u3068\u306f\u3042\u308a\u307e\u3059\u304b\uff1f", "Camino Del Sol is the safer place to live? :-/   Why isn''t the other place safe too?", "I actually live near here and go to uni high school I walk around up I from time to time near the Main Street so I know the area pretty well", "I\u2019m not sure if you guys answer anymore but in terms of cost do you guys recommend ACC or UTC? I\u2019m going to be a transfer soon and this whole housing process have been giving me headaches. Also do any of the options allow non-students to temporarily live with you for a while like for a visit?", "Hi , I am Namgyal and lives in New York , this summer I got accepted into a research program at UCI and I am looking for a room for a 10 weeks . So any leads on such will be highly appreciated. Thank you", "Very good and funny videos bring a great sense of entertainment!", "Most nicest?!?!?!? No!! No!!! Noooooooooo. Lol", "Thanks a lot for your video but I was wondering what is the range of price (house)", "Thank you for getting back to me so quickly! Do you think it would be better to check out the UTC housing over Puerta? Also, is the UCI \"bus\" close to Puerta if I should follow through in moving there? Thanks again!", "HI, I''m  a transfer student for this coming fall 2021. I''ve only been able to find housing at Puerta del Sol. You mention parking at the ARC? Is it closer than the Puerta parking? Any assistance would be appreciated. Thank you! appreciate your video!", "\uaab1\u05c1\u05c5\u05c1\u05c5\u05c1\u05c5t\u05c1\u05c5''\u05c5\uabf1 \u05ae\u03d0\u05c1\u2060\uaac0\u05c1\u05c5\u2060\u073b\u074a\u0251\u05c1\u05c5\u2060\u03c5\u05c1\u05c5t\u05c1\u05c5\u2060\uaab1\u05c1\u05c5\u05c1\u05c5\u05c1\u05c5\u2060\u073b\u2a0d\u03c5\u05c1\u05c5\u2060\u1963\u05c1\u05c5\u05aa"]', 0.67, '{"sources": {"zori_csv": true, "overpass_grocery": true, "overpass_night_activity": true, "overpass_noise": false, "irvine_crime": false, "youtube_video": true}}');
INSERT INTO community_metrics (community_id, updated_at, median_rent, rent_2b2b, rent_1b1b, avg_sqft, grocery_density_per_km2, crime_rate_per_100k, rent_trend_12m_pct, night_activity_index, noise_avg_db, noise_p90_db, youtube_video_ids, youtube_comments, overall_confidence, details_json) VALUES ('turtle-rock', '2026-02-24 05:31:01.699563', 3400.2223362668137, NULL, NULL, NULL, NULL, NULL, 2.48, 0.0, 62.0, 69.0, '["mDqwTT_WOoc", "IoPcQHghy5I", "Gir4i-yxLiY", "8es20KvfZlY", "Kiw6ylxzybM", "o8BAch3KpgA", "HqvNON09jRg", "4oLVeBW9cm8"]', '["Where are you moving from?", "REALLY. I did not know that", "Love these driving videoss great editing so amazing", "I love these driving videos.", "It''s hard to concentrate on the video with you guys driving backwards!", "You''re doing great job \ud83c\udf3b\ud83c\udf3c", "======\nFull Channel: \ud83d\udc49\ud83d\udc49\ud83d\udc49: https://bit.ly/3NXecX3\n=======\nContact us: \ud83d\udc47\ud83d\udc47\ud83d\udc47 \n\ud83d\udcf1Call or text:  949-285-1207   \n\ud83d\udce7Email:  info@livinginirvinecalifornia.com\n\ud83d\udcc5Schedule a Zoom Call So That We Can Meet \"In-Person\":  https://calendly.com/living-in-irvine-ca/30min?month=2022-10", "Join My Newsletter. https://thebritishbloke.com/newsletter\nCall or Text: 323-350-5770\nEmail: matt@thebritishbloke.com\nZoom call https://call.thebritishbloke.com/start"]', 0.67, '{"sources": {"zori_csv": true, "overpass_grocery": false, "overpass_night_activity": true, "overpass_noise": true, "irvine_crime": false, "youtube_video": true}}');
INSERT INTO community_metrics (community_id, updated_at, median_rent, rent_2b2b, rent_1b1b, avg_sqft, grocery_density_per_km2, crime_rate_per_100k, rent_trend_12m_pct, night_activity_index, noise_avg_db, noise_p90_db, youtube_video_ids, youtube_comments, overall_confidence, details_json) VALUES ('northwood', '2026-02-24 05:31:28.759238', NULL, NULL, NULL, NULL, NULL, NULL, NULL, 0.0, 68.0, 75.0, '["pvb2y-q8-c8", "O2mSp1NRc8s", "1sKUs9DxK7I", "MZ_ZFTJJ9X0", "GZIlu5onvLc", "uneWeQeOYec", "KI5UBittvXM"]', '["======\nFull Channel: \ud83d\udc49\ud83d\udc49\ud83d\udc49: https://bit.ly/3NXecX3\n=======\nContact us: \ud83d\udc47\ud83d\udc47\ud83d\udc47 \n\ud83d\udcf1Call or text:  949-285-1207   \n\ud83d\udce7Email:  info@livinginirvinecalifornia.com\n\ud83d\udcc5Schedule a Zoom Call So That We Can Meet \"In-Person\":  https://calendly.com/living-in-irvine-ca/30min?month=2022-10", "======\nFull Channel:   https://bit.ly/3NXecX3\n======\nContact us: \ud83d\udc47\ud83d\udc47\ud83d\udc47 \ud83d\udcf1Call or text:  949-285-1207   \n\ud83d\udce7Email:  info@livinginirvinecalifornia.com\n\ud83d\udcc5Schedule a Zoom Call So That We Can Meet \"In-Person\":  https://calendly.com/living-in-irvine-ca/30min?month=2022-10\n=======", "Wow"]', 0.33, '{"sources": {"zori_csv": false, "overpass_grocery": false, "overpass_night_activity": true, "overpass_noise": true, "irvine_crime": false, "youtube_video": true}}');

-- Table: community_context
DELETE FROM community_context;
-- No rows in community_context

-- Table: review_post
DELETE FROM review_post;
INSERT INTO review_post (post_id, community_id, platform, external_id, url, posted_at, title, body_text) VALUES ('2468bc24-53d7-465d-a22c-f3a914c85161', 'university-town-center', 'youtube', 'yt-8a102b9ddfac975b73a708c2425f6de1', NULL, '2026-02-24 05:32:04.603767', NULL, 'Can you do the plaza in cypress village please?');
INSERT INTO review_post (post_id, community_id, platform, external_id, url, posted_at, title, body_text) VALUES ('8f61678e-7f49-4484-bfa5-1cfacbd63c07', 'university-town-center', 'youtube', 'yt-a59f3d9d56c84e26a727e1eae56947fb', NULL, '2026-02-24 05:32:04.604010', NULL, 'WOAH!');
INSERT INTO review_post (post_id, community_id, platform, external_id, url, posted_at, title, body_text) VALUES ('987aa966-d329-43fa-aaeb-e450f99145ea', 'university-town-center', 'youtube', 'yt-481bb7a1ce1d991f8d632d477d6b65f4', NULL, '2026-02-24 05:32:04.604045', NULL, 'So these are the cool dudes Elliot Rodgers envied? Man, your average INCEL looksmaxer from tiktok looks better than this people, they could be Jesse Pinkman friends 😂');
INSERT INTO review_post (post_id, community_id, platform, external_id, url, posted_at, title, body_text) VALUES ('a48f4c53-9d2c-45c5-8120-be1a6a858c86', 'university-town-center', 'youtube', 'yt-aba3f0fc8f63c9677145d412149a7c43', NULL, '2026-02-24 05:32:04.604073', NULL, 'I graduated in 1987 and I paid $200 a month and that included 3 meals a day in all 3 dining commons and I had no roommates (single) in San Rafael hall.

After I graduated with a CS degree, I drove up to Silicon Valley and got a job as a programmer.  In 1996, I bought a house for $200K which is now worth $3.3 million.  I retired this year financially very comfortable with a loving wife, loving family and was able to build generational wealth for my family and kids.  I had an awesome life (so far) and it was all due to CS degree from UCSB.  Enjoy yourself but remember, your future rides on what you decide to make of UCSB experience.');
INSERT INTO review_post (post_id, community_id, platform, external_id, url, posted_at, title, body_text) VALUES ('2188002a-a53c-4a3c-a142-884ec34224f9', 'university-town-center', 'youtube', 'yt-74628e6d2dabfc57902dfd29dac2df4e', NULL, '2026-02-24 05:32:04.604100', NULL, 'Thank you, this gives me an idea of how next year will be.');
INSERT INTO review_post (post_id, community_id, platform, external_id, url, posted_at, title, body_text) VALUES ('32b0fe7d-aede-4c7c-9c20-0856679cdea2', 'university-town-center', 'youtube', 'yt-fdd629baf1bc019100dd2554635de90e', NULL, '2026-02-24 05:32:04.604119', NULL, 'It always help having rich  mommies and daddies');
INSERT INTO review_post (post_id, community_id, platform, external_id, url, posted_at, title, body_text) VALUES ('c0c6df53-9c45-4a67-b9cc-a1a69d6c5276', 'university-town-center', 'youtube', 'yt-5219d6cf2feb03552a4aa7bfb09b9159', NULL, '2026-02-24 05:32:04.604138', NULL, 'thats fucking crazy');
INSERT INTO review_post (post_id, community_id, platform, external_id, url, posted_at, title, body_text) VALUES ('1138ab3c-9916-4336-8e18-2a0242a17edd', 'university-town-center', 'youtube', 'yt-97db40fe8c4ce671bf838e83c0f3a851', NULL, '2026-02-24 05:32:04.604158', NULL, 'Death to the people you serve hi hi');
INSERT INTO review_post (post_id, community_id, platform, external_id, url, posted_at, title, body_text) VALUES ('24bd2fb9-efd2-4bdf-8688-3fb8030f655c', 'university-town-center', 'youtube', 'yt-073d24af33a0a0791480a7283bec045c', NULL, '2026-02-24 05:32:04.604189', NULL, 'Whos gonna back up the jersey you sport white trash Olympians, your pieces of shitv Mafalaw money  Billie pie $ my my nuka why gook die pussy bike SunSet seal died.');
INSERT INTO review_post (post_id, community_id, platform, external_id, url, posted_at, title, body_text) VALUES ('b768fd68-1d24-49ba-8928-ee3bd907962d', 'university-town-center', 'youtube', 'yt-944f0e65af015e157ed7d7c7fc3702d5', NULL, '2026-02-24 05:32:04.604209', NULL, 'God knows I hated that place');
INSERT INTO review_post (post_id, community_id, platform, external_id, url, posted_at, title, body_text) VALUES ('54f6f08a-3dc5-4525-bc08-a68bfd1d2df5', 'university-town-center', 'youtube', 'yt-48301dee375e811dd0c476c11e3724c1', NULL, '2026-02-24 05:32:04.604227', NULL, '🏖️ California Complete Guide 👉 - https://www.youtube.com/watch?v=JTaAknEwSy0');
INSERT INTO review_post (post_id, community_id, platform, external_id, url, posted_at, title, body_text) VALUES ('cf74722f-62bb-4c77-8ad7-e34c23299c8b', 'university-town-center', 'youtube', 'yt-8c276aeebfc06f4afa37e166a5154c42', NULL, '2026-02-24 05:32:04.604258', NULL, 'A very poor quality video, could not read the captions');
INSERT INTO review_post (post_id, community_id, platform, external_id, url, posted_at, title, body_text) VALUES ('d6481773-dfb8-4fe8-8957-3684fbf1b1bc', 'university-town-center', 'youtube', 'yt-af5d123f049deca58b2a1d8392dfdce2', NULL, '2026-02-24 05:32:04.604279', NULL, 'Family Fun Center/Bullwinkle’s?');
INSERT INTO review_post (post_id, community_id, platform, external_id, url, posted_at, title, body_text) VALUES ('7c60da72-835a-4773-9278-941cafcbba47', 'university-town-center', 'youtube', 'yt-b5c578e2bdb6a4d6967dcb5e5b0dac78', NULL, '2026-02-24 05:32:04.604296', NULL, '1:36
OML THAT WAS ME IN KINDERGARTEN AND MY TWIN BRO
(Left is meh right is meh twin bro)');
INSERT INTO review_post (post_id, community_id, platform, external_id, url, posted_at, title, body_text) VALUES ('b93e47ae-81d7-4934-a283-f4d4884fb422', 'university-town-center', 'youtube', 'yt-73bb658205875f4d73dad3484f18c879', NULL, '2026-02-24 05:32:04.604313', NULL, 'I’m the boy all the way to the right when I was in kindergarten.');
INSERT INTO review_post (post_id, community_id, platform, external_id, url, posted_at, title, body_text) VALUES ('88ba29cf-4c73-4aa0-8024-e5d514b771ab', 'university-town-center', 'youtube', 'yt-297086e85e9bd4bf67a603652ee998b5', NULL, '2026-02-24 05:32:04.604329', NULL, 'I think the only fun thin in Irvine is the grate park and the spectrum');
INSERT INTO review_post (post_id, community_id, platform, external_id, url, posted_at, title, body_text) VALUES ('683a59fa-5e47-4547-bc5a-2320cf068e0f', 'university-town-center', 'youtube', 'yt-f49f72f80fb0666d58c083fe4542c4ef', NULL, '2026-02-24 05:32:04.604346', NULL, '18-blizzard');
INSERT INTO review_post (post_id, community_id, platform, external_id, url, posted_at, title, body_text) VALUES ('eb9a8d6d-c915-4a3d-b1df-3f070705bd7a', 'university-town-center', 'youtube', 'yt-38811055f648cf38644d1d3136fb5bc0', NULL, '2026-02-24 05:32:04.604362', NULL, 'love it');
INSERT INTO review_post (post_id, community_id, platform, external_id, url, posted_at, title, body_text) VALUES ('207c4e4b-68fc-4e67-a2e7-95fe7fde1953', 'university-town-center', 'youtube', 'yt-17b3ef6fe9a9b4ffb3451ec9e7ca990e', NULL, '2026-02-24 05:32:04.604378', NULL, 'Can we come over to see the apartment tomorrow morning or');
INSERT INTO review_post (post_id, community_id, platform, external_id, url, posted_at, title, body_text) VALUES ('069c0785-0250-402f-87d2-9b2ea5304cc9', 'university-town-center', 'youtube', 'yt-c7df281bf4251a6418076173dadeb7b6', NULL, '2026-02-24 05:32:04.604395', NULL, 'You aren''t even giving info through this video');
INSERT INTO review_post (post_id, community_id, platform, external_id, url, posted_at, title, body_text) VALUES ('a8db6ded-3939-4464-91ca-5dd07e3ccfd3', 'university-town-center', 'youtube', 'yt-e64eb17538cba9c2b714249b7833a206', NULL, '2026-02-24 05:32:04.604412', NULL, 'Nice where are you located?');
INSERT INTO review_post (post_id, community_id, platform, external_id, url, posted_at, title, body_text) VALUES ('68999ed4-6949-4feb-b06c-089e554bf492', 'university-town-center', 'youtube', 'yt-d8fe1e89bbfa43b53132202dd59219db', NULL, '2026-02-24 05:32:04.604428', NULL, 'Garage is wide');
INSERT INTO review_post (post_id, community_id, platform, external_id, url, posted_at, title, body_text) VALUES ('682be26f-4f21-4151-aa38-de9afebe2893', 'university-town-center', 'youtube', 'yt-f3e5eda9224ea08bf8391852adde766d', NULL, '2026-02-24 05:32:04.604444', NULL, 'why advertise and not give info. just for clicks?');
INSERT INTO review_post (post_id, community_id, platform, external_id, url, posted_at, title, body_text) VALUES ('c3a2d381-e264-4262-ac63-172b6df8ecb0', 'university-town-center', 'youtube', 'yt-2488fd85caee02b7d12a9606d72655e8', NULL, '2026-02-24 05:32:04.604472', NULL, 'were?');
INSERT INTO review_post (post_id, community_id, platform, external_id, url, posted_at, title, body_text) VALUES ('ba7f7cdc-9543-4c87-b76c-4059c5cfb69c', 'university-town-center', 'youtube', 'yt-3ad058e79e9fcdb1271d1931700d2eb0', NULL, '2026-02-24 05:32:04.604489', NULL, 'How much');
INSERT INTO review_post (post_id, community_id, platform, external_id, url, posted_at, title, body_text) VALUES ('febb6b0c-b3fd-4950-8e27-b818f206b234', 'university-town-center', 'youtube', 'yt-c757c07e2d3a630293a1896e61b5df47', NULL, '2026-02-24 05:32:04.604506', NULL, 'How much and location?');
INSERT INTO review_post (post_id, community_id, platform, external_id, url, posted_at, title, body_text) VALUES ('12bc24e3-325f-4a7b-9a70-36e4ac3b127f', 'university-town-center', 'youtube', 'yt-259dc89622fff271276acf1a6c86876d', NULL, '2026-02-24 05:32:04.604523', NULL, 'How much does it cost per month');
INSERT INTO review_post (post_id, community_id, platform, external_id, url, posted_at, title, body_text) VALUES ('016a7c06-f144-40d1-8822-3d58465dda21', 'university-town-center', 'youtube', 'yt-ff415be54ea349bf769ffd75d36ee757', NULL, '2026-02-24 05:32:04.604539', NULL, 'My sound is not working');
INSERT INTO review_post (post_id, community_id, platform, external_id, url, posted_at, title, body_text) VALUES ('17113869-2e6d-4ba5-b57e-99f0bd0c2578', 'university-town-center', 'youtube', 'yt-dc87a49164f8f71e58d502b14b075896', NULL, '2026-02-24 05:32:04.604555', NULL, 'Reach out with any questions.
Call or Text: 323-350-5770
Email: matt@thebritishbloke.com');
INSERT INTO review_post (post_id, community_id, platform, external_id, url, posted_at, title, body_text) VALUES ('64e72296-a281-4c43-9327-e920dd6f16e6', 'university-town-center', 'youtube', 'yt-4fe8a6318c43a375267e1507c15b1fed', NULL, '2026-02-24 05:32:04.604572', NULL, 'Than you. can you do a map tour for laguna area as well');
INSERT INTO review_post (post_id, community_id, platform, external_id, url, posted_at, title, body_text) VALUES ('60d3ed8b-16e1-4b0b-a49b-ad19e13ce7a9', 'university-town-center', 'youtube', 'yt-c993efa79244d5698fef459e4a7180f4', NULL, '2026-02-24 05:32:04.604591', NULL, 'Nice video of all comparison units. Beautiful parks. Thanks for your hard work! Would love to see a review of living in Fullerton/Brea. May have contract job at biotech there. Thanks 👍 😎 Maggie');
INSERT INTO review_post (post_id, community_id, platform, external_id, url, posted_at, title, body_text) VALUES ('ebafe0ea-17f0-4f9a-bc12-d7f99a4361e6', 'university-town-center', 'youtube', 'yt-33bdda37bb881a663edb1e98527834a6', NULL, '2026-02-24 05:32:04.604607', NULL, 'Which neighborhood do you prefer?');
INSERT INTO review_post (post_id, community_id, platform, external_id, url, posted_at, title, body_text) VALUES ('1f85f347-6aa6-42c9-94d3-638972f6b08e', 'university-town-center', 'youtube', 'yt-24845bb622440d025c01e6d9e95e5d74', NULL, '2026-02-24 05:32:04.604624', NULL, 'The way he says “neivorhood” cracks me up lol');
INSERT INTO review_post (post_id, community_id, platform, external_id, url, posted_at, title, body_text) VALUES ('b98a840c-776a-4945-8912-ed85e14e3d66', 'university-town-center', 'youtube', 'yt-e4fc43e28105a35aafad473a231f561a', NULL, '2026-02-24 05:32:04.604640', NULL, 'I like those lakes!');
INSERT INTO review_post (post_id, community_id, platform, external_id, url, posted_at, title, body_text) VALUES ('072793f6-dd72-4c2e-93d3-f961e64d9a71', 'university-town-center', 'youtube', 'yt-66e7fe172ea29254b8fc781ab74b1ddb', NULL, '2026-02-24 05:32:04.604657', NULL, 'are there homes 3br 2+ba around 700 to 800k?');
INSERT INTO review_post (post_id, community_id, platform, external_id, url, posted_at, title, body_text) VALUES ('8a9cba81-1b84-4422-865a-7a15000a999d', 'university-town-center', 'youtube', 'yt-068120132520d5e0261173b0100b38f3', NULL, '2026-02-24 05:32:04.604673', NULL, 'Can you do similar videos but for Lake Forest, Mission Viejo, and Laguna Nigel? basically south of Orange County.');
INSERT INTO review_post (post_id, community_id, platform, external_id, url, posted_at, title, body_text) VALUES ('ff9e7413-aa63-44fb-afd3-ddcbb4b96123', 'university-town-center', 'youtube', 'yt-9bcdad7f0022c48dc81a299f110004b9', NULL, '2026-02-24 05:32:04.604689', NULL, 'I liked Westpark');
INSERT INTO review_post (post_id, community_id, platform, external_id, url, posted_at, title, body_text) VALUES ('87410fc3-37b0-4814-be8b-52b7b2d01e89', 'university-town-center', 'youtube', 'yt-26057ad59e99caec3ac949728ec0fd17', NULL, '2026-02-24 05:32:04.605177', NULL, 'I  was a freshman there  in 1981. My last class there was in 1992. This is mostly unrecognizable!');
INSERT INTO review_post (post_id, community_id, platform, external_id, url, posted_at, title, body_text) VALUES ('04839e3a-7e5c-474b-9df6-bc9249d179aa', 'university-town-center', 'youtube', 'yt-f45aaa4df9912da9213e52f7f1dfebc9', NULL, '2026-02-24 05:32:04.604705', NULL, 'Hlo sir...really nice information...i am searching for a room for rent in any of these location as an international student . Can you please tell me where can i find cheapest one');
INSERT INTO review_post (post_id, community_id, platform, external_id, url, posted_at, title, body_text) VALUES ('120c0493-dafc-43ab-b296-d8c707ec2e97', 'university-town-center', 'youtube', 'yt-595debc3d2ce97de4da82780388179f1', NULL, '2026-02-24 05:32:04.604722', NULL, 'Westpark was not made in the late 80''s, they were made in 1994 (fully built all houses by 1996). Sorry to bug you about that, but who told you they were around in the 80''s?

In 1992, the area when Westpark even thought about building houses, it was all fields, and they had a thing called "The Harvest Festival" there. It was a yearly event (moved each year) and it''s final year (in Irvine) was 1999, off Culver and Trabuco near the 5 Freeway.');
INSERT INTO review_post (post_id, community_id, platform, external_id, url, posted_at, title, body_text) VALUES ('a2fd6b18-ba82-4a3f-bf06-7f2558da0416', 'university-town-center', 'youtube', 'yt-332cf506fb6d9c930d671087b471bf3e', NULL, '2026-02-24 05:32:04.604738', NULL, 'These five are not cities, right?');
INSERT INTO review_post (post_id, community_id, platform, external_id, url, posted_at, title, body_text) VALUES ('20b94e2c-3129-4447-b166-9b4ba4a3651a', 'university-town-center', 'youtube', 'yt-9b5a08383865c6c916febb943a12c4a1', NULL, '2026-02-24 05:32:04.604754', NULL, 'Hola mi nuera quiere comprar una casa en alguna sona de esas donde el precio sea mas accesible,cual recomendarias');
INSERT INTO review_post (post_id, community_id, platform, external_id, url, posted_at, title, body_text) VALUES ('0c9e5689-7942-4018-b046-dc031573d0dc', 'university-town-center', 'youtube', 'yt-dc80c855c66d2c576cce81707ac9c50b', NULL, '2026-02-24 05:32:04.604771', NULL, 'Wrong name, it’s called University Town Center.');
INSERT INTO review_post (post_id, community_id, platform, external_id, url, posted_at, title, body_text) VALUES ('739a6359-e206-44c0-8fd4-26b2599efeeb', 'university-town-center', 'youtube', 'yt-acf6d9067eabd069c5e2d52006136679', NULL, '2026-02-24 05:32:04.604787', NULL, 'All i see is asians');
INSERT INTO review_post (post_id, community_id, platform, external_id, url, posted_at, title, body_text) VALUES ('be4f8d0a-3692-4f37-8eac-577a6b949b95', 'university-town-center', 'youtube', 'yt-39505fd943827191823d007bd68e6827', NULL, '2026-02-24 05:32:04.604803', NULL, 'University of Chinese Immigrants');
INSERT INTO review_post (post_id, community_id, platform, external_id, url, posted_at, title, body_text) VALUES ('610c1188-0efe-4474-9568-5faed828f572', 'university-town-center', 'youtube', 'yt-b213a2304f53d28ff0414926107fb667', NULL, '2026-02-24 05:32:04.604819', NULL, 'By the 2nd week, you''re already cramming for midterms or working on your transfer to Cal State');
INSERT INTO review_post (post_id, community_id, platform, external_id, url, posted_at, title, body_text) VALUES ('62b48ba8-2fb7-4f01-b4de-4631efa6b210', 'university-town-center', 'youtube', 'yt-54bc626acbe42b4679679a4fb800a867', NULL, '2026-02-24 05:32:04.604836', NULL, 'It was pretty diverse when I went back in the day, but it may have changed.  You say for "a semester".  FYI: UCI is on the quarter system, which is a LOT harder.  By the 2nd week, you''re already cramming for midterms or working on your transfer to Cal State (which does indeed have a MUCH more humane & practical orientation).');
INSERT INTO review_post (post_id, community_id, platform, external_id, url, posted_at, title, body_text) VALUES ('36455d23-4d52-4428-a470-33f9abba2be3', 'university-town-center', 'youtube', 'yt-4dcb970e6343100d6e6e8e65c26351a7', NULL, '2026-02-24 05:32:04.604852', NULL, 'wait, so when there is 40%+ of white students (which is most universities) it''s considered diverse, but when its 40%+ of asian students it''s not??');
INSERT INTO review_post (post_id, community_id, platform, external_id, url, posted_at, title, body_text) VALUES ('e2aa2e06-9f45-4d50-aeea-550fddf23cd5', 'university-town-center', 'youtube', 'yt-ec5a7720485e52e71bdf340dbb0a646e', NULL, '2026-02-24 05:32:04.604868', NULL, 'The anteater is still there');
INSERT INTO review_post (post_id, community_id, platform, external_id, url, posted_at, title, body_text) VALUES ('abc8f758-be50-4761-8dbc-7f7d2d84fea0', 'university-town-center', 'youtube', 'yt-aa96c9c07a9e6651eb647cabbf7622f4', NULL, '2026-02-24 05:32:04.604884', NULL, 'You could use the Anteater bus!');
INSERT INTO review_post (post_id, community_id, platform, external_id, url, posted_at, title, body_text) VALUES ('ec2a5c77-ace7-4c80-87ab-f0dc9e515bab', 'university-town-center', 'youtube', 'yt-75ebb8f553a54aa5772fb7db5ab25d81', NULL, '2026-02-24 05:32:04.604900', NULL, 'The Pub is still there');
INSERT INTO review_post (post_id, community_id, platform, external_id, url, posted_at, title, body_text) VALUES ('99016776-489b-4cfa-90bf-b5679bb6d8eb', 'university-town-center', 'youtube', 'yt-3ddd995cb964b6aef2aa5f9dfbf47eab', NULL, '2026-02-24 05:32:04.604917', NULL, 'It''s easy to get lost in the crowd at a UC school. When I was an undergrad I found it difficult to make friends but looking back it was largely due to being a commuter student, transferring in and not being part of a club/organization. Like most things in life it''s what you make of it, nobody is going to spoon feed you a good career, academics, and especially not a social life. I can''t speak on UCI but the UC I attended I had a very similar experience.');
INSERT INTO review_post (post_id, community_id, platform, external_id, url, posted_at, title, body_text) VALUES ('da430661-c0aa-41e4-9c20-f89127734a6b', 'university-town-center', 'youtube', 'yt-e1e25a7e74de19f188e44bd063423d4d', NULL, '2026-02-24 05:32:04.604933', NULL, '"Not diverse."  Just say there are too many Asians.  Be a man!');
INSERT INTO review_post (post_id, community_id, platform, external_id, url, posted_at, title, body_text) VALUES ('c5a1e23a-b248-4006-9045-de7402b05fe6', 'university-town-center', 'youtube', 'yt-62d51f275c41030e41fcce0b15f4824b', NULL, '2026-02-24 05:32:04.604949', NULL, 'If you''re thinking about starting your own Bnb, or need tips on furnishing and managing your properties, I''ve got some resources that might help! Check out my store 👉🏽 https://tinyurl.com/4u6uhbfv');
INSERT INTO review_post (post_id, community_id, platform, external_id, url, posted_at, title, body_text) VALUES ('66312d01-4bee-4ced-896d-3ce416d02447', 'university-town-center', 'youtube', 'yt-0fefe2584bf44acf72ff0b703bf07fbb', NULL, '2026-02-24 05:32:04.604965', NULL, 'We stayed at an air b&b in Paris & my wife fell down the stairs & was injured  in one of their apartments as the bathroom was outside the apartment across a dark hall . We called to see what they would do & the promised they would change our apartment at no cost for both apartments but when we got back home they had charged us for the second apartment & when we contacted them they gave us the run around obviously hoping we would just give up . We will never be using them again & we travel every year');
INSERT INTO review_post (post_id, community_id, platform, external_id, url, posted_at, title, body_text) VALUES ('7589bc0e-9791-4f1e-bf4e-d42017bb5a4a', 'university-town-center', 'youtube', 'yt-ec98cacf2dd6ab1ba9fbc1e6d07e2178', NULL, '2026-02-24 05:32:04.604981', NULL, 'You can easily pull the refrigerator out and retrieve the sign. It’s also a good practice to keep dust build up away from the refrigerator to ensure the longevity of the appliance. I do it in my own home. Easy.');
INSERT INTO review_post (post_id, community_id, platform, external_id, url, posted_at, title, body_text) VALUES ('6a65d5b3-11b3-4124-9b14-6b8bcff2cdc0', 'university-town-center', 'youtube', 'yt-3fa6a83782d3a39edb2cb601b02e1858', NULL, '2026-02-24 05:32:04.604998', NULL, 'This is why they ppl don’t want to use them anymore!!! No ppl should not break or steal things but why are owners posting about guests!?!? Bad move. Wham ya make your bed you gotta sleep in it.');
INSERT INTO review_post (post_id, community_id, platform, external_id, url, posted_at, title, body_text) VALUES ('565505d4-1450-4dec-9b6a-3f6dff46ae07', 'university-town-center', 'youtube', 'yt-52c336e2794de7a223d42a2d0c1c237f', NULL, '2026-02-24 05:32:04.605014', NULL, 'Move the fridge and sweep under it while you’re at it.');
INSERT INTO review_post (post_id, community_id, platform, external_id, url, posted_at, title, body_text) VALUES ('41ddd49c-526b-4345-97a0-b263123a9741', 'university-town-center', 'youtube', 'yt-c0618b3b19fafd6f9208e35b10877ac4', NULL, '2026-02-24 05:32:04.605030', NULL, 'Wow, that seems like good money but I am not sure I could be an air bnb host. But I don’t own a home, I live in an apartment. Just saying if I owned a house I would be scared to let strangers stay there and do bad things to it.');
INSERT INTO review_post (post_id, community_id, platform, external_id, url, posted_at, title, body_text) VALUES ('cd89a9d2-4a3a-4d60-851b-edf970ba4ea4', 'university-town-center', 'youtube', 'yt-620405df46b3dce617e76de29e839381', NULL, '2026-02-24 05:32:04.605046', NULL, 'You had many places to put the WIFI sign.  Just put the new sign in a spot where if it falls down, it''s easy to put it back up.  Your place is very nice.  The kitchen especially!');
INSERT INTO review_post (post_id, community_id, platform, external_id, url, posted_at, title, body_text) VALUES ('749bd730-d11f-4f5d-be15-4f433069acfd', 'university-town-center', 'youtube', 'yt-d2e0747f917d57a80fca46de239d29bc', NULL, '2026-02-24 05:32:04.605063', NULL, 'Sell the damn place and let someone LIVE THERE!');
INSERT INTO review_post (post_id, community_id, platform, external_id, url, posted_at, title, body_text) VALUES ('71c11a15-f247-4809-9fdb-91a1d6f89153', 'university-town-center', 'youtube', 'yt-67edd05f7a86bbae4b9f9cfb3183bad4', NULL, '2026-02-24 05:32:04.605079', NULL, 'my airbnb guests always lose stuff too');
INSERT INTO review_post (post_id, community_id, platform, external_id, url, posted_at, title, body_text) VALUES ('6c73303b-6fe8-4b7c-8991-d6118f8240df', 'university-town-center', 'youtube', 'yt-408bfaf1c9335df6c06c736ba44766c6', NULL, '2026-02-24 05:32:04.605095', NULL, 'wow i can''t believe they took stuff');
INSERT INTO review_post (post_id, community_id, platform, external_id, url, posted_at, title, body_text) VALUES ('97945ef2-4e10-4ff1-a0d2-49b3552d7b77', 'university-town-center', 'youtube', 'yt-3ff4602c1a906009e7c4c9e0c9b42705', NULL, '2026-02-24 05:32:04.605111', NULL, 'Can we have a video on your gpa and stats');
INSERT INTO review_post (post_id, community_id, platform, external_id, url, posted_at, title, body_text) VALUES ('6775a320-02d1-4bea-ba7a-07e9f2d31989', 'university-town-center', 'youtube', 'yt-9d7d10eafe310ac02ffe21d9ae7f539f', NULL, '2026-02-24 05:32:04.605127', NULL, 'How did you find your Bible study group ?');
INSERT INTO review_post (post_id, community_id, platform, external_id, url, posted_at, title, body_text) VALUES ('89df6d25-020e-40af-acef-ed673f411e71', 'university-town-center', 'youtube', 'yt-96b741634dbff25008126272c0d3ec2e', NULL, '2026-02-24 05:32:04.605144', NULL, 'Could you sound any more monotone and boring my g? Lol couldn’t be me');
INSERT INTO review_post (post_id, community_id, platform, external_id, url, posted_at, title, body_text) VALUES ('4260472d-5931-483a-840f-6c82451018a4', 'university-town-center', 'youtube', 'yt-55349f8c25558eff0ad66553c90a6d0f', NULL, '2026-02-24 05:32:04.605161', NULL, 'What''s the sound used on this video pls?');
INSERT INTO review_post (post_id, community_id, platform, external_id, url, posted_at, title, body_text) VALUES ('3ee25923-0784-4b6e-b76e-b3973019a8de', 'university-town-center', 'youtube', 'yt-c6c2adec4458c997e3a3ae2a2b03a1cc', NULL, '2026-02-24 05:32:04.605193', NULL, 'I got accepted today and I’m so skeptical, any help guys? 😭');
INSERT INTO review_post (post_id, community_id, platform, external_id, url, posted_at, title, body_text) VALUES ('626b5eed-9358-440b-a1b8-2755042c2833', 'university-town-center', 'youtube', 'yt-36fd8c452db1cfc73aca9d9e9a1eb384', NULL, '2026-02-24 05:32:04.605209', NULL, 'is UCI different  UC Berkeley or not');
INSERT INTO review_post (post_id, community_id, platform, external_id, url, posted_at, title, body_text) VALUES ('3923e1cd-bb18-4289-8837-3a6466dba68f', 'university-town-center', 'youtube', 'yt-e136954afd2251a1fd08b4d082177eb3', NULL, '2026-02-24 05:32:04.605225', NULL, 'Talk to student services for student discounts');
INSERT INTO review_post (post_id, community_id, platform, external_id, url, posted_at, title, body_text) VALUES ('43613720-a1f7-46ba-8ba1-a4b21d3858d5', 'university-town-center', 'youtube', 'yt-0d242a8e99c51c5b8a8551b5e05da23b', NULL, '2026-02-24 05:32:04.605241', NULL, 'Thank you, it’s a really helpful video');
INSERT INTO review_post (post_id, community_id, platform, external_id, url, posted_at, title, body_text) VALUES ('a05a3ee2-cc3c-45ab-b4e8-ca31f26bba8d', 'university-town-center', 'youtube', 'yt-c77f6957782bd2b8c951d86c4c713bc5', NULL, '2026-02-24 05:32:04.605257', NULL, 'just accepted to the drama program!');
INSERT INTO review_post (post_id, community_id, platform, external_id, url, posted_at, title, body_text) VALUES ('f476d9db-f83d-46d9-83d8-0ba5ee26ed22', 'university-town-center', 'youtube', 'yt-bbe0bd3bfa38e7aa7621e5a6ef485e0f', NULL, '2026-02-24 05:32:04.605274', NULL, 'Just got in 😭 waiting on the other UCs but I’m loving the campus so far');
INSERT INTO review_post (post_id, community_id, platform, external_id, url, posted_at, title, body_text) VALUES ('27a38515-0b51-45b9-94eb-93851c0620db', 'university-town-center', 'youtube', 'yt-28aefefc60896dc6d271ed5235146fe2', NULL, '2026-02-24 05:32:04.605290', NULL, 'Just accepted!');
INSERT INTO review_post (post_id, community_id, platform, external_id, url, posted_at, title, body_text) VALUES ('f968f76d-f9d4-41d1-8612-b12067cbf4a3', 'university-town-center', 'youtube', 'yt-7f97320e0ccbe52afad3bf0cb9fd520d', NULL, '2026-02-24 05:32:04.605306', NULL, 'Says "Cross Culture", literally everyone is Asian... lol');
INSERT INTO review_post (post_id, community_id, platform, external_id, url, posted_at, title, body_text) VALUES ('aac9e6a7-3987-449f-b72c-ed61778b89cf', 'university-town-center', 'youtube', 'yt-3dfb1f35a0d7b3560346a802ebbdd407', NULL, '2026-02-24 05:32:04.605322', NULL, '======
Full Channel: 👉👉👉: https://bit.ly/3NXecX3
=======
Contact us: 👇👇👇 
📱Call or text:  949-285-1207   
📧Email:  info@livinginirvinecalifornia.com
📅Schedule a Zoom Call So That We Can Meet "In-Person":  https://calendly.com/living-in-irvine-ca/30min?month=2022-10');
INSERT INTO review_post (post_id, community_id, platform, external_id, url, posted_at, title, body_text) VALUES ('ec79edd2-1ab2-46da-b2d8-6860336434ad', 'university-town-center', 'youtube', 'yt-b46be2ce16967400b1f14798748663a0', NULL, '2026-02-24 05:32:04.605338', NULL, '0,5 bath is killing me 😂');
INSERT INTO review_post (post_id, community_id, platform, external_id, url, posted_at, title, body_text) VALUES ('aeafa98c-c1cf-457a-a027-e1cd3f9ac2ad', 'university-town-center', 'youtube', 'yt-906a97fa367f2ab86944a5abc3fe6287', NULL, '2026-02-24 05:32:04.605355', NULL, 'LAWD 😮😮😮');
INSERT INTO review_post (post_id, community_id, platform, external_id, url, posted_at, title, body_text) VALUES ('375f88f7-06f7-46a8-bd8d-aec323d8c452', 'university-town-center', 'youtube', 'yt-4a98832cdbe8b6c66f052fd8dac548c2', NULL, '2026-02-24 05:32:04.605375', NULL, 'This lovely! I need this but in Arizona and half the price');
INSERT INTO review_post (post_id, community_id, platform, external_id, url, posted_at, title, body_text) VALUES ('bbe229ed-3fb2-48e1-a62c-ae530c839338', 'university-town-center', 'youtube', 'yt-ed4beb38b45860afbee133162b4c86fc', NULL, '2026-02-24 05:32:04.605391', NULL, 'woah');
INSERT INTO review_post (post_id, community_id, platform, external_id, url, posted_at, title, body_text) VALUES ('5b7e6051-09e0-4ec3-bdf6-3e45fec2bb70', 'university-town-center', 'youtube', 'yt-e0abb80e5f63873ed5919218eb1a5547', NULL, '2026-02-24 05:32:04.605407', NULL, 'That’s the price of my 3 room apartment in Singapore. Damn 🥺');
INSERT INTO review_post (post_id, community_id, platform, external_id, url, posted_at, title, body_text) VALUES ('7703fa89-1f9d-475d-97dd-8625ac0cd389', 'university-town-center', 'youtube', 'yt-b82ecbf6e54e7ca66b84283a2b3f4ce7', NULL, '2026-02-24 05:32:04.605423', NULL, 'Really 🤔');
INSERT INTO review_post (post_id, community_id, platform, external_id, url, posted_at, title, body_text) VALUES ('ec43982b-8a4e-464c-b081-c92c1eb2836f', 'university-town-center', 'youtube', 'yt-e32e5280e8dbdc47407a68ac1b0539ab', NULL, '2026-02-24 05:32:04.605439', NULL, 'Bro if u were in canada u would be broke 😅');
INSERT INTO review_post (post_id, community_id, platform, external_id, url, posted_at, title, body_text) VALUES ('8d23b2a9-63b9-4288-9263-f7a8a793e1ea', 'university-town-center', 'youtube', 'yt-0ffba908abe34c5dd0a15137f923e0f1', NULL, '2026-02-24 05:32:04.605455', NULL, 'No way! this is even cheaper than in Thailand');
INSERT INTO review_post (post_id, community_id, platform, external_id, url, posted_at, title, body_text) VALUES ('83e87ddd-7cd9-484d-a5c0-b7284707b49c', 'university-town-center', 'youtube', 'yt-070502beef37eb0baf3de3750106fd50', NULL, '2026-02-24 05:32:04.605471', NULL, 'That’s a lot of money my house is like 75k and it’s like 5 times smaller but that’s okay for me');
INSERT INTO review_post (post_id, community_id, platform, external_id, url, posted_at, title, body_text) VALUES ('b89f4a25-399e-4a04-b0b2-f1641741bb4c', 'university-town-center', 'youtube', 'yt-a4de79dcfb689500d94cb86e21e93f9d', NULL, '2026-02-24 05:32:04.605487', NULL, 'Bro they mean a month');
INSERT INTO review_post (post_id, community_id, platform, external_id, url, posted_at, title, body_text) VALUES ('2ce14d85-2d8e-4a7c-9717-5180b7f8af22', 'university-town-center', 'youtube', 'yt-bea00518c71471a76296287b298787fa', NULL, '2026-02-24 05:32:04.605548', NULL, 'Thanks for stopping by!! 😁😄😄😁');
INSERT INTO review_post (post_id, community_id, platform, external_id, url, posted_at, title, body_text) VALUES ('b193e151-7210-41b0-964c-bbf5e97acc19', 'university-town-center', 'youtube', 'yt-4a51bef7ad31c2fd3e0cff9f43ac566e', NULL, '2026-02-24 05:32:04.605569', NULL, 'En Colombia 🇦🇲 8.000 dólares son 40 millones de pesos. 😮');
INSERT INTO review_post (post_id, community_id, platform, external_id, url, posted_at, title, body_text) VALUES ('3bc34228-4d63-4fac-81b9-8ebcdca232c9', 'university-town-center', 'youtube', 'yt-664a8c8006291321c9907e9bb592c609', NULL, '2026-02-24 05:32:04.605586', NULL, 'Thats a crazy price');
INSERT INTO review_post (post_id, community_id, platform, external_id, url, posted_at, title, body_text) VALUES ('bcbc65f8-21e5-4bf9-83e1-24b5c934c2eb', 'university-town-center', 'youtube', 'yt-6c35a85fae890d156807c9802d03e54c', NULL, '2026-02-24 05:32:04.605602', NULL, '8k for a shoebox is sinful');
INSERT INTO review_post (post_id, community_id, platform, external_id, url, posted_at, title, body_text) VALUES ('2311c544-58bd-4a12-a1ad-502145e01052', 'university-town-center', 'youtube', 'yt-a119968555e76834f179c4d40620b56e', NULL, '2026-02-24 05:32:04.605618', NULL, 'What does she do?');
INSERT INTO review_post (post_id, community_id, platform, external_id, url, posted_at, title, body_text) VALUES ('97807d4a-cb01-495f-9394-356153eac226', 'university-town-center', 'youtube', 'yt-eaf307c777695c888ecc99ea982c85d2', NULL, '2026-02-24 05:32:04.605634', NULL, 'All she can afford left is just one cup of coffee to go.🤣🤣🤣🤣🤪🇺🇸');
INSERT INTO review_post (post_id, community_id, platform, external_id, url, posted_at, title, body_text) VALUES ('5b5bbda2-7842-43d8-b7b5-d49e0fff2853', 'university-town-center', 'youtube', 'yt-3618e87b57e09291942566c9b88dc479', NULL, '2026-02-24 05:32:04.605651', NULL, 'My rent $650 by the beach Rochester');
INSERT INTO review_post (post_id, community_id, platform, external_id, url, posted_at, title, body_text) VALUES ('2fdf83ca-9952-48a7-bf7a-12ea4b80622a', 'university-town-center', 'youtube', 'yt-bf761630ebf6d47e6a89a6914c63469d', NULL, '2026-02-24 05:32:04.605667', NULL, 'lol clearly he’s never been to Maryland catching strays  😂😂😂');
INSERT INTO review_post (post_id, community_id, platform, external_id, url, posted_at, title, body_text) VALUES ('f8a0fd98-62de-4764-a64b-fa73342c8c01', 'university-town-center', 'youtube', 'yt-c9f5190009f326042d5a3989388f8f51', NULL, '2026-02-24 05:32:04.605686', NULL, 'Overpaying.');
INSERT INTO review_post (post_id, community_id, platform, external_id, url, posted_at, title, body_text) VALUES ('ce6973af-d8ef-4ee7-bc6e-77f20d80cf62', 'university-town-center', 'youtube', 'yt-d1d6ca89331de5384a3b4e6cc6fcdaa9', NULL, '2026-02-24 05:32:04.605702', NULL, 'For that money, I’m literally a king of the kings in Thailand');
INSERT INTO review_post (post_id, community_id, platform, external_id, url, posted_at, title, body_text) VALUES ('29a8b8bc-6ba7-46e0-a5fc-b64b09be1535', 'university-town-center', 'youtube', 'yt-a3c7214e5d805c25bcb0ea66a8d164ee', NULL, '2026-02-24 05:32:04.605721', NULL, 'I can not understand how to parking');
INSERT INTO review_post (post_id, community_id, platform, external_id, url, posted_at, title, body_text) VALUES ('dd199e96-1826-44ec-9f95-8181d1e3dc7e', 'university-town-center', 'youtube', 'yt-91d2b74cd3fa6208f1663280d6c76149', NULL, '2026-02-24 05:32:04.605737', NULL, '6008 Citlalli Ranch');
INSERT INTO review_post (post_id, community_id, platform, external_id, url, posted_at, title, body_text) VALUES ('d1a71dd0-8304-491a-a7e0-dad7157abcfa', 'university-town-center', 'youtube', 'yt-f03cfa81ce7ca6358c60faabf6fc931c', NULL, '2026-02-24 05:32:04.605753', NULL, 'Angela Roads');
INSERT INTO review_post (post_id, community_id, platform, external_id, url, posted_at, title, body_text) VALUES ('5dbc29ab-9416-49e4-9c15-b35675a845cb', 'university-town-center', 'youtube', 'yt-382c3ebbc49fa07292f19f278bf4c083', NULL, '2026-02-24 05:32:04.605769', NULL, 'Abernathy Locks');
INSERT INTO review_post (post_id, community_id, platform, external_id, url, posted_at, title, body_text) VALUES ('f0091959-b416-41aa-a188-8394259e3001', 'university-town-center', 'youtube', 'yt-a942660d864e0a3d3203cec8daf33c22', NULL, '2026-02-24 05:32:04.605785', NULL, 'Roxane Oval');
INSERT INTO review_post (post_id, community_id, platform, external_id, url, posted_at, title, body_text) VALUES ('a2edf30b-490b-484c-a34a-c5434d5fec2f', 'university-town-center', 'youtube', 'yt-2e5677f02fe37931ed3dafaf14102864', NULL, '2026-02-24 05:32:04.605801', NULL, 'Frami Village');
INSERT INTO review_post (post_id, community_id, platform, external_id, url, posted_at, title, body_text) VALUES ('a8cfe775-c6af-4e9f-a156-6e67c697c4dc', 'university-town-center', 'youtube', 'yt-71e187c76eada51478a98880271d350f', NULL, '2026-02-24 05:32:04.605817', NULL, 'Kuhn Fork');
INSERT INTO review_post (post_id, community_id, platform, external_id, url, posted_at, title, body_text) VALUES ('d5593223-ebe0-4668-9c69-c11fa4ecd15d', 'university-town-center', 'youtube', 'yt-026fe3b502b2ddb1305edd89d9bdea8b', NULL, '2026-02-24 05:32:04.605833', NULL, 'Leonardo Pines');
INSERT INTO review_post (post_id, community_id, platform, external_id, url, posted_at, title, body_text) VALUES ('aecdb0ef-a4c4-480b-9d57-b06833368f2d', 'university-town-center', 'youtube', 'yt-d10623c1119292d4090445b59a993e09', NULL, '2026-02-24 05:32:04.605849', NULL, 'Nolan Plaza');
INSERT INTO review_post (post_id, community_id, platform, external_id, url, posted_at, title, body_text) VALUES ('c87e8458-bcd1-4494-93c1-17a2ddcf6b87', 'university-town-center', 'youtube', 'yt-cff6245f13dd11720f921f4e40acdbc1', NULL, '2026-02-24 05:32:04.605865', NULL, 'Mattie Mills');
INSERT INTO review_post (post_id, community_id, platform, external_id, url, posted_at, title, body_text) VALUES ('a1749010-5ccc-4372-b9b1-7a75d6568d2e', 'university-town-center', 'youtube', 'yt-2477b14e806c407632c4d9c69a452bb0', NULL, '2026-02-24 05:32:04.605881', NULL, '留学生はArroyo Vistaが大半と聞きました。そこ以外の寮に留学生は住んでいますか？また、他の寮だと留学生が少なくて辛い思いをすることはありますか？');
INSERT INTO review_post (post_id, community_id, platform, external_id, url, posted_at, title, body_text) VALUES ('5b6bf8bb-dd4d-409b-98b3-4633f0fb8363', 'university-town-center', 'youtube', 'yt-5a0c5fcc1cf0069bcfbd0a7ec6b3a559', NULL, '2026-02-24 05:32:04.605897', NULL, 'Camino Del Sol is the safer place to live? :-/   Why isn''t the other place safe too?');
INSERT INTO review_post (post_id, community_id, platform, external_id, url, posted_at, title, body_text) VALUES ('7c45bcc5-c60e-40fe-9569-9a57a9bfa86e', 'university-town-center', 'youtube', 'yt-3a6028c0ddd2a5b3c5f76ebe52a89a78', NULL, '2026-02-24 05:32:04.605913', NULL, 'I actually live near here and go to uni high school I walk around up I from time to time near the Main Street so I know the area pretty well');
INSERT INTO review_post (post_id, community_id, platform, external_id, url, posted_at, title, body_text) VALUES ('142c8f83-af28-4923-9c3f-494070b37fbb', 'university-town-center', 'youtube', 'yt-f76bff5cce3785cfcba8d1622133c2ab', NULL, '2026-02-24 05:32:04.605930', NULL, 'I’m not sure if you guys answer anymore but in terms of cost do you guys recommend ACC or UTC? I’m going to be a transfer soon and this whole housing process have been giving me headaches. Also do any of the options allow non-students to temporarily live with you for a while like for a visit?');
INSERT INTO review_post (post_id, community_id, platform, external_id, url, posted_at, title, body_text) VALUES ('5f9b4e04-3746-45cd-b0ff-5064cdab9eee', 'university-town-center', 'youtube', 'yt-d18b71fe29d5a51a0383cdb6c7e1d4a4', NULL, '2026-02-24 05:32:04.605946', NULL, 'Hi , I am Namgyal and lives in New York , this summer I got accepted into a research program at UCI and I am looking for a room for a 10 weeks . So any leads on such will be highly appreciated. Thank you');
INSERT INTO review_post (post_id, community_id, platform, external_id, url, posted_at, title, body_text) VALUES ('e5a9a0e0-1db0-4777-a407-243b2618d3be', 'university-town-center', 'youtube', 'yt-35e8e3b5165df13e1a2748c91ff10a94', NULL, '2026-02-24 05:32:04.605962', NULL, 'Very good and funny videos bring a great sense of entertainment!');
INSERT INTO review_post (post_id, community_id, platform, external_id, url, posted_at, title, body_text) VALUES ('631da487-4bf5-4147-ba92-09f9686232f7', 'university-town-center', 'youtube', 'yt-eeac67638ec8730f0fbce8c308e33e82', NULL, '2026-02-24 05:32:04.605978', NULL, 'Most nicest?!?!?!? No!! No!!! Noooooooooo. Lol');
INSERT INTO review_post (post_id, community_id, platform, external_id, url, posted_at, title, body_text) VALUES ('7e403360-5408-449e-9a87-ed73bdee0e73', 'university-town-center', 'youtube', 'yt-bff1952ad334cbd97957ea149ff4f578', NULL, '2026-02-24 05:32:04.606000', NULL, 'Thanks a lot for your video but I was wondering what is the range of price (house)');
INSERT INTO review_post (post_id, community_id, platform, external_id, url, posted_at, title, body_text) VALUES ('c732a7c4-1c8c-4c70-b54d-5a0e82f738e9', 'university-town-center', 'youtube', 'yt-a1a6d11a049cff1b139094821fadc557', NULL, '2026-02-24 05:32:04.606020', NULL, 'Thank you for getting back to me so quickly! Do you think it would be better to check out the UTC housing over Puerta? Also, is the UCI "bus" close to Puerta if I should follow through in moving there? Thanks again!');
INSERT INTO review_post (post_id, community_id, platform, external_id, url, posted_at, title, body_text) VALUES ('cb9215a8-9746-4f70-b7ac-98a2b2ff448c', 'university-town-center', 'youtube', 'yt-127502370eabf3d6859816738efc4261', NULL, '2026-02-24 05:32:04.606037', NULL, 'HI, I''m  a transfer student for this coming fall 2021. I''ve only been able to find housing at Puerta del Sol. You mention parking at the ARC? Is it closer than the Puerta parking? Any assistance would be appreciated. Thank you! appreciate your video!');
INSERT INTO review_post (post_id, community_id, platform, external_id, url, posted_at, title, body_text) VALUES ('d6cb6f0a-499d-4b6a-96a6-59ddbad460ac', 'university-town-center', 'youtube', 'yt-dd1a184caa1d57fd850a6cef6a1905dc', NULL, '2026-02-24 05:32:04.606053', NULL, 'ꪱׁׁׁׅׅׅtׁׅ''ׅ꯱ ֮ϐׁ⁠ꫀׁׅ⁠ܻ݊ɑׁׅ⁠υׁׅtׁׅ⁠ꪱׁׁׁׅׅׅ⁠ܻ⨍υׁׅ⁠ᥣׁׅ֪');
INSERT INTO review_post (post_id, community_id, platform, external_id, url, posted_at, title, body_text) VALUES ('d81c0643-d97b-4b4d-ae8d-7c1d529f53a1', 'costa-mesa-border', 'youtube', 'yt-262fe9d566dae2f691376e4a6de65985', NULL, '2026-02-24 05:32:29.421979', NULL, 'Get a $100 Amazon Gift Card when you use PODS: https://tailhappytv.com/pods-100-amazon-gift-card (super simple)
Please consider clicking the "super thanks" heart button to help support my channel! 
Moving Boxes: https://amzn.to/3h3Voo3
Ratchet straps: https://amzn.to/2Wl8s0I
Furniture wrap: https://amzn.to/30a0gBH
Mattress bag: https://amzn.to/3esoagY

Need help moving heavy stuff? Watch my other video: http://youtu.be/AkK62JD8q8U

Moving Blankets: https://amzn.to/3jCamTY

Get a Free Moving Quote from U PACK before you commit to PODS: http://bit.ly/freemovingquote2');
INSERT INTO review_post (post_id, community_id, platform, external_id, url, posted_at, title, body_text) VALUES ('ff9df3b9-be45-4ef4-81f5-9f4d9c2cd737', 'costa-mesa-border', 'youtube', 'yt-481f390469c7ca71bcc9e8fa32866f69', NULL, '2026-02-24 05:32:29.422088', NULL, 'The charge for that mileage was very expensive.');
INSERT INTO review_post (post_id, community_id, platform, external_id, url, posted_at, title, body_text) VALUES ('0a82379f-4f66-4e9d-80e4-0b22598d8726', 'costa-mesa-border', 'youtube', 'yt-4ef230407ea5a817e757340c808d2ccd', NULL, '2026-02-24 05:32:29.422131', NULL, '3 separate invoices as a type of installments monthly? Or separate invoices payment imediate payment?');
INSERT INTO review_post (post_id, community_id, platform, external_id, url, posted_at, title, body_text) VALUES ('5060056a-649e-4b10-af1e-58598d8be81f', 'costa-mesa-border', 'youtube', 'yt-9ded8225998dc6e739e7b5e564b39c9e', NULL, '2026-02-24 05:32:29.422169', NULL, 'Thanks for the thorough review.  I’m planning a cross country move for summer 2026.');
INSERT INTO review_post (post_id, community_id, platform, external_id, url, posted_at, title, body_text) VALUES ('be160c33-e765-4985-bfa9-86a45362f3b1', 'costa-mesa-border', 'youtube', 'yt-71c84bca041137bc76ba2c2527739df0', NULL, '2026-02-24 05:32:29.422206', NULL, 'Moving from Pittsburgh on to Fl . I hate PA');
INSERT INTO review_post (post_id, community_id, platform, external_id, url, posted_at, title, body_text) VALUES ('803e002d-924e-4d36-a5d4-15ab28fcfd1c', 'costa-mesa-border', 'youtube', 'yt-17eb8ba163bc313ef37feb490a500345', NULL, '2026-02-24 05:32:29.422239', NULL, 'Moving to California so you can be poorer😂');
INSERT INTO review_post (post_id, community_id, platform, external_id, url, posted_at, title, body_text) VALUES ('3833aad9-0c0b-4dbc-be63-d78606ef247f', 'costa-mesa-border', 'youtube', 'yt-0c130809b072fe0bf70028d4f50a2320', NULL, '2026-02-24 05:32:29.422272', NULL, 'great video... and very useful! Question: do you need to be home when they pick up at the location that you are leaving from? Thanks!');
INSERT INTO review_post (post_id, community_id, platform, external_id, url, posted_at, title, body_text) VALUES ('1c62f46d-2716-463b-b092-af35a18296f9', 'costa-mesa-border', 'youtube', 'yt-cc17c6c6b6c84085969250e556c73b74', NULL, '2026-02-24 05:32:29.422305', NULL, 'wow.  I might as well throw out what I currently have and use $3k to buy new stuff at my destination. lol');
INSERT INTO review_post (post_id, community_id, platform, external_id, url, posted_at, title, body_text) VALUES ('0d1c26a6-8908-4c2d-91aa-145f1cbc554e', 'costa-mesa-border', 'youtube', 'yt-8c96f1021f17996e8cb3c1a139db3fae', NULL, '2026-02-24 05:32:29.422342', NULL, 'How much would it cost from California to West virginia?');
INSERT INTO review_post (post_id, community_id, platform, external_id, url, posted_at, title, body_text) VALUES ('27eb8c3e-52c8-45af-9680-ae89b1757dee', 'costa-mesa-border', 'youtube', 'yt-83b122d955db411843e008ab0beccca8', NULL, '2026-02-24 05:32:29.422376', NULL, 'Pack Rat is usually cheaper');
INSERT INTO review_post (post_id, community_id, platform, external_id, url, posted_at, title, body_text) VALUES ('485bc905-6aff-4712-87fe-4b0cab2f6d3d', 'costa-mesa-border', 'youtube', 'yt-be0b97c558a217f454b5845fc3cf6479', NULL, '2026-02-24 05:32:29.422409', NULL, 'Brief back story guys:
I asked the guy why he isnt wearing a mask when the female officer Jennifer said to all of us in the waiting room were required to wear it and gave us problems. There buddy there wasnt wearing one and yelled at me when I asked why he isnt wearing one and if I had a problem with it which I said I did,  since everyone else there had to wear one. But as usual the tyrants backed up their buddy who was there to get a CCW and didnt make him wear one when all the rest of us did, hence why I took mine off at the end. Typical Costa Mesa corruption, Thanks for the upload Phil! You’re the best!');
INSERT INTO review_post (post_id, community_id, platform, external_id, url, posted_at, title, body_text) VALUES ('7b038cfa-6c48-4136-8e0f-d9d0f3e62ba1', 'costa-mesa-border', 'youtube', 'yt-7f7af3670a01e10390027980ce66d479', NULL, '2026-02-24 05:32:29.422441', NULL, 'Marathon Watching 4/19/23 Seriously?! Really NNC?! 😮😮❤❤');
INSERT INTO review_post (post_id, community_id, platform, external_id, url, posted_at, title, body_text) VALUES ('080957d7-2a46-4b7d-849d-230d819ce511', 'costa-mesa-border', 'youtube', 'yt-07212823c9f974e7ef57acbb26c6c69c', NULL, '2026-02-24 05:32:29.422474', NULL, 'Wow I was pulled over by 10-Newport beach pigs and 2-Costa Mesa jerk offs no joke  for no front License plate three weeks ago and none was wearing a mask. But when I reached into my glove compartment for my registration I had a gun to my head. Pigs');
INSERT INTO review_post (post_id, community_id, platform, external_id, url, posted_at, title, body_text) VALUES ('21eb9420-19d1-4758-bc73-b0a1c1fe5c8d', 'costa-mesa-border', 'youtube', 'yt-c7ed84114d3bc949eae8e00471466533', NULL, '2026-02-24 05:32:29.422507', NULL, 'This was filmed with a potato');
INSERT INTO review_post (post_id, community_id, platform, external_id, url, posted_at, title, body_text) VALUES ('a03e659d-d37b-476d-a439-0d708d1377c1', 'costa-mesa-border', 'youtube', 'yt-ae78ed7ae189f891959f15b853fe1953', NULL, '2026-02-24 05:32:29.422539', NULL, '👍😎');
INSERT INTO review_post (post_id, community_id, platform, external_id, url, posted_at, title, body_text) VALUES ('164c563a-9e4e-4f35-aae4-e61e3f486b06', 'costa-mesa-border', 'youtube', 'yt-3e4dffe66e09ffc095df953ece8f80f1', NULL, '2026-02-24 05:32:29.422571', NULL, 'Polly Audis just arrested a Sheriff for doing this.');
INSERT INTO review_post (post_id, community_id, platform, external_id, url, posted_at, title, body_text) VALUES ('3716fc01-d056-4f76-8478-d064ae969cda', 'costa-mesa-border', 'youtube', 'yt-14fa8d4bed1096a08c46556d0c5b412e', NULL, '2026-02-24 05:32:29.422630', NULL, '😆😁😅 💯💯👍');
INSERT INTO review_post (post_id, community_id, platform, external_id, url, posted_at, title, body_text) VALUES ('eded229d-228a-4742-9532-c7c98e6e46ec', 'costa-mesa-border', 'youtube', 'yt-13515aae8a9fff030170a6d881f7f589', NULL, '2026-02-24 05:32:29.422664', NULL, '✌️😎📷💯');
INSERT INTO review_post (post_id, community_id, platform, external_id, url, posted_at, title, body_text) VALUES ('1f647722-7c13-4e0d-b9d2-81317440f284', 'costa-mesa-border', 'youtube', 'yt-b1c504a75b42ce8b0ed8696718aaecdd', NULL, '2026-02-24 05:32:29.422696', NULL, '"He refused the order to mask up so I yelled don''t reach for my gun!" 

I''m sure it''s probably happened.');
INSERT INTO review_post (post_id, community_id, platform, external_id, url, posted_at, title, body_text) VALUES ('a2055101-9967-4c55-8443-3e5860b443d8', 'costa-mesa-border', 'youtube', 'yt-b07284c65ce91ddb15bc608802cda77a', NULL, '2026-02-24 05:32:29.422728', NULL, '🎣🎣🎣🎣❤❤ truckers the backbone of America');
INSERT INTO review_post (post_id, community_id, platform, external_id, url, posted_at, title, body_text) VALUES ('79dd46f9-720a-4749-a02c-1992bdec6708', 'costa-mesa-border', 'youtube', 'yt-b12c9f2373da85fd992fd76e335dd331', NULL, '2026-02-24 05:32:29.422760', NULL, '💙🥩');
INSERT INTO review_post (post_id, community_id, platform, external_id, url, posted_at, title, body_text) VALUES ('6699e9df-6c6a-4bd5-bb8b-24fdc4714538', 'costa-mesa-border', 'youtube', 'yt-82e85908b969097911e654fa8724e39b', NULL, '2026-02-24 05:32:29.422793', NULL, 'Very useful, thank you.');
INSERT INTO review_post (post_id, community_id, platform, external_id, url, posted_at, title, body_text) VALUES ('78a424b0-b928-4776-9765-a89419ad3bc8', 'costa-mesa-border', 'youtube', 'yt-27cab7abed7a7d7d5900bad1ef53a3ff', NULL, '2026-02-24 05:32:29.424039', NULL, 'Go to Panama and visit us too.');
INSERT INTO review_post (post_id, community_id, platform, external_id, url, posted_at, title, body_text) VALUES ('a9641ee3-b0b0-4c76-a9e4-10c72e3d4654', 'costa-mesa-border', 'youtube', 'yt-aa5d4b2b50e0c12d34ee887da0c4bd23', NULL, '2026-02-24 05:32:29.424074', NULL, 'couldnt live without the white sneaker tip. wow');
INSERT INTO review_post (post_id, community_id, platform, external_id, url, posted_at, title, body_text) VALUES ('cc871307-2719-4c28-9782-7976290bbc32', 'costa-mesa-border', 'youtube', 'yt-3def6fec2e6f31a0567a1d5153baa3d2', NULL, '2026-02-24 05:32:29.424100', NULL, 'It''s expensive probably bc you are living like a tourist.');
INSERT INTO review_post (post_id, community_id, platform, external_id, url, posted_at, title, body_text) VALUES ('9c8a9d11-29f9-47e1-b76a-d599043840eb', 'costa-mesa-border', 'youtube', 'yt-3ab4d8e0b2c4f18e11e18095ad189bf2', NULL, '2026-02-24 05:32:29.424125', NULL, 'Hi! I''m from CR and I understand San José is not the prettiest city in the world. It def has a lot of challenges to put it lightly. But there''s neighborhoods like Rohrmoser, Escalante and you didn''t even go to Escazú. There''s so many cute coffee shops in the capital that you missed out on.');
INSERT INTO review_post (post_id, community_id, platform, external_id, url, posted_at, title, body_text) VALUES ('93b3fa75-4b2a-4b85-8019-8ed7bb2da343', 'costa-mesa-border', 'youtube', 'yt-2039bf81854d74349099b063a1919d51', NULL, '2026-02-24 05:32:29.424149', NULL, 'If it too expensive why go there?');
INSERT INTO review_post (post_id, community_id, platform, external_id, url, posted_at, title, body_text) VALUES ('2fe8420a-d5f3-490e-a021-c25e31fd74c4', 'costa-mesa-border', 'youtube', 'yt-b32403d967cce84dcdc37a5a8611c008', NULL, '2026-02-24 05:32:29.424173', NULL, 'Which month did you travel to Costa Rica?');
INSERT INTO review_post (post_id, community_id, platform, external_id, url, posted_at, title, body_text) VALUES ('92f96d51-d939-4e11-a33c-17d9d1c38662', 'costa-mesa-border', 'youtube', 'yt-8748b67f2229675ffbc360f8dab515dd', NULL, '2026-02-24 05:32:29.424197', NULL, 'Not to hate, but I’m from costa rica and I get very sad when someone says not to spend time on San Jose and instead going to place that many cr people can’t afford or just get discriminated there.');
INSERT INTO review_post (post_id, community_id, platform, external_id, url, posted_at, title, body_text) VALUES ('a3b13e66-6fa7-42b1-8926-64b63c276915', 'costa-mesa-border', 'youtube', 'yt-4872721018f0ebf337d8ec9724cfca54', NULL, '2026-02-24 05:32:29.424221', NULL, 'Guys, i went to costa rica last year, and i’m going again tomorrow. If u like tea, just be warned, they do NOT have tea. Starbucks mayyyy have some, but most places DON’T. This year, my family is taking tea bags for our week in cr. Just be warned if u like tea! ❤');
INSERT INTO review_post (post_id, community_id, platform, external_id, url, posted_at, title, body_text) VALUES ('869de79a-9a92-46de-ae7d-a4f5352c1497', 'costa-mesa-border', 'youtube', 'yt-d53a743a985aa82948000804f6f61106', NULL, '2026-02-24 05:32:29.424245', NULL, '43k a month! Lmfao! We are all screwed! You mean 4,300 a month. Still crazy!');
INSERT INTO review_post (post_id, community_id, platform, external_id, url, posted_at, title, body_text) VALUES ('b706b0f9-268b-4426-9169-f8def63f7c8e', 'costa-mesa-border', 'youtube', 'yt-f6884430fd15feeccbe1095e882b6a36', NULL, '2026-02-24 05:32:29.424269', NULL, 'I lived in one but you neglected to say that normally you share the room with a roommate');
INSERT INTO review_post (post_id, community_id, platform, external_id, url, posted_at, title, body_text) VALUES ('a5cf29f2-6e4a-487b-82c5-d22ad22a04fc', 'costa-mesa-border', 'youtube', 'yt-261a12ca281ba4e78c99010c19dbc575', NULL, '2026-02-24 05:32:29.424292', NULL, '$43,000 a month. I can live at home with 24/7 nurses for less. What a travesty.');
INSERT INTO review_post (post_id, community_id, platform, external_id, url, posted_at, title, body_text) VALUES ('7c39e421-79c5-416b-a3de-1b2a26294a3b', 'costa-mesa-border', 'youtube', 'yt-cfe96a4e63291f7badf4a87eaf4d2983', NULL, '2026-02-24 05:32:29.424317', NULL, 'Where did you learn your math skills $43.000/month doesn''t equal over $50.000/year!!');
INSERT INTO review_post (post_id, community_id, platform, external_id, url, posted_at, title, body_text) VALUES ('63a302bc-b3df-4c07-840d-3a4accb9c532', 'costa-mesa-border', 'youtube', 'yt-533626869ba0cba0adc52eebd24b6242', NULL, '2026-02-24 05:32:29.424340', NULL, 'At $43,000 a month Thats well over $51,000 a year😂');
INSERT INTO review_post (post_id, community_id, platform, external_id, url, posted_at, title, body_text) VALUES ('83fe60ad-fa3a-4c36-a8e4-8bae2b213532', 'costa-mesa-border', 'youtube', 'yt-e7b5a1b11cf5666ee2e93b4d6a022319', NULL, '2026-02-24 05:32:29.424364', NULL, 'That sounds like she meant 4,300.00 a month, not 43,000. And yes, on the low end you can expect to pay 50-60k a year. Many places are now 9-10k a month. So, 100-120k a year. And that’s before the extras.');
INSERT INTO review_post (post_id, community_id, platform, external_id, url, posted_at, title, body_text) VALUES ('a1a61a88-9c74-40fa-990a-da21dde1e8a4', 'costa-mesa-border', 'youtube', 'yt-3889e821b308ba36d8fc0e8abcae1b4a', NULL, '2026-02-24 05:32:29.424388', NULL, 'Well I visited two upon being told it was strongly recommended my grandma go to one rather than come home. Both had dementia patients in wheel chairs just stuck in the halls and corners. It was sad');
INSERT INTO review_post (post_id, community_id, platform, external_id, url, posted_at, title, body_text) VALUES ('a5a82c37-327e-45f6-a72a-3660440feed2', 'costa-mesa-border', 'youtube', 'yt-0c49f66b71d2f13dbbb63872c65ee57f', NULL, '2026-02-24 05:32:29.424411', NULL, '$43k a month is WAY MORE than $51k/year. Check your math.');
INSERT INTO review_post (post_id, community_id, platform, external_id, url, posted_at, title, body_text) VALUES ('816990ca-cdbd-4d0f-b7c4-3032654cd06e', 'costa-mesa-border', 'youtube', 'yt-ac3bb409621646530cb2d7510827b83f', NULL, '2026-02-24 05:32:29.424435', NULL, 'My husband was looking forward to moving to assisted living without me. By all means.');
INSERT INTO review_post (post_id, community_id, platform, external_id, url, posted_at, title, body_text) VALUES ('287488e5-2358-4f0d-b6eb-4c4e69203b8b', 'costa-mesa-border', 'youtube', 'yt-92965699eb1a114d6277529b3f20329f', NULL, '2026-02-24 05:32:29.424458', NULL, '$43,000 per month, $53,000 per year?');
INSERT INTO review_post (post_id, community_id, platform, external_id, url, posted_at, title, body_text) VALUES ('77707098-b1f3-4e61-8da9-f777fd5c1241', 'costa-mesa-border', 'youtube', 'yt-f996d6399fab5b209b3ded4a3a972059', NULL, '2026-02-24 05:32:29.424482', NULL, 'Which food/drink do you want to try?');
INSERT INTO review_post (post_id, community_id, platform, external_id, url, posted_at, title, body_text) VALUES ('b3b9f2eb-bdd4-48f5-bc91-1ddd1c26bbf0', 'costa-mesa-border', 'youtube', 'yt-18ccade0bf301ddb6f0c0c430d49ae88', NULL, '2026-02-24 05:32:29.424506', NULL, 'Costa Mesa is a beautiful place to visit and live. I spent my child-hood near this magical coastal city!');
INSERT INTO review_post (post_id, community_id, platform, external_id, url, posted_at, title, body_text) VALUES ('49753590-81f1-434f-a13d-9e0d5ca33535', 'costa-mesa-border', 'youtube', 'yt-b61939d7394ea805a4273ec54890f0df', NULL, '2026-02-24 05:32:29.424529', NULL, 'Nice list better than most');

-- Table: review_signal
DELETE FROM review_signal;
-- No rows in review_signal

-- Table: dimension_score
DELETE FROM dimension_score;
INSERT INTO dimension_score (score_id, community_id, dimension, score_0_100, summary, details_json, data_origin, updated_at) VALUES ('4fd0d1d7a3fd4217b529cdfac78b9538', 'irvine-spectrum', 'Safety', 40.0, 'Safety score auto-generated by ingest pipeline', '{"median_rent": 3400.2223362668137, "commute_minutes": null, "grocery_density_per_km2": 0.884, "crime_rate_per_100k": null, "rent_trend_12m_pct": 2.48, "noise_avg_db": 75.0, "night_activity_index": 0.0, "review_signal_score": null}', 'api', '2026-02-24 05:30:02.238514');
INSERT INTO dimension_score (score_id, community_id, dimension, score_0_100, summary, details_json, data_origin, updated_at) VALUES ('c500f27ea5084408be2dc5182cc68c21', 'irvine-spectrum', 'Trend', 80.16, 'Trend score auto-generated by ingest pipeline', '{"median_rent": 3400.2223362668137, "commute_minutes": null, "grocery_density_per_km2": 0.884, "crime_rate_per_100k": null, "rent_trend_12m_pct": 2.48, "noise_avg_db": 75.0, "night_activity_index": 0.0, "review_signal_score": null}', 'api', '2026-02-24 05:30:02.240909');
INSERT INTO dimension_score (score_id, community_id, dimension, score_0_100, summary, details_json, data_origin, updated_at) VALUES ('f1fd754eaeff4894a7a6e45b206ba5f9', 'irvine-spectrum', 'Noise', 0.0, 'Noise score auto-generated by ingest pipeline', '{"median_rent": 3400.2223362668137, "commute_minutes": null, "grocery_density_per_km2": 0.884, "crime_rate_per_100k": null, "rent_trend_12m_pct": 2.48, "noise_avg_db": 75.0, "night_activity_index": 0.0, "review_signal_score": null}', 'api', '2026-02-24 05:30:02.243385');
INSERT INTO dimension_score (score_id, community_id, dimension, score_0_100, summary, details_json, data_origin, updated_at) VALUES ('9a650651cc3f44e3ae8b237e640ea834', 'irvine-spectrum', 'Nightlife', 60.0, 'Nightlife score auto-generated by ingest pipeline', '{"median_rent": 3400.2223362668137, "commute_minutes": null, "grocery_density_per_km2": 0.884, "crime_rate_per_100k": null, "rent_trend_12m_pct": 2.48, "noise_avg_db": 75.0, "night_activity_index": 0.0, "review_signal_score": null}', 'api', '2026-02-24 05:30:02.246061');
INSERT INTO dimension_score (score_id, community_id, dimension, score_0_100, summary, details_json, data_origin, updated_at) VALUES ('e390546ea1b3424fa21d365f56ae7511', 'irvine-spectrum', 'Reviews', 60.0, 'Reviews score auto-generated by ingest pipeline', '{"median_rent": 3400.2223362668137, "commute_minutes": null, "grocery_density_per_km2": 0.884, "crime_rate_per_100k": null, "rent_trend_12m_pct": 2.48, "noise_avg_db": 75.0, "night_activity_index": 0.0, "review_signal_score": null}', 'api', '2026-02-24 05:30:02.248135');
INSERT INTO dimension_score (score_id, community_id, dimension, score_0_100, summary, details_json, data_origin, updated_at) VALUES ('2fe49b02ddd64305ac47569c78f386f2', 'woodbridge', 'Cost', 32.0, 'Cost score auto-generated by ingest pipeline', '{"median_rent": 3400.2223362668137, "commute_minutes": null, "grocery_density_per_km2": 0.442, "crime_rate_per_100k": null, "rent_trend_12m_pct": 2.48, "noise_avg_db": 62.0, "night_activity_index": 0.0, "review_signal_score": null}', 'api', '2026-02-24 05:30:17.948531');
INSERT INTO dimension_score (score_id, community_id, dimension, score_0_100, summary, details_json, data_origin, updated_at) VALUES ('cd8ee795b72c4ae9bbe02861010a2f6f', 'woodbridge', 'Transit', 40.0, 'Transit score auto-generated by ingest pipeline', '{"median_rent": 3400.2223362668137, "commute_minutes": null, "grocery_density_per_km2": 0.442, "crime_rate_per_100k": null, "rent_trend_12m_pct": 2.48, "noise_avg_db": 62.0, "night_activity_index": 0.0, "review_signal_score": null}', 'api', '2026-02-24 05:30:17.952864');
INSERT INTO dimension_score (score_id, community_id, dimension, score_0_100, summary, details_json, data_origin, updated_at) VALUES ('5e8e5f90fd314bc8a9aafed306d077f1', 'woodbridge', 'Convenience', 2.87, 'Convenience score auto-generated by ingest pipeline', '{"median_rent": 3400.2223362668137, "commute_minutes": null, "grocery_density_per_km2": 0.442, "crime_rate_per_100k": null, "rent_trend_12m_pct": 2.48, "noise_avg_db": 62.0, "night_activity_index": 0.0, "review_signal_score": null}', 'api', '2026-02-24 05:30:17.959575');
INSERT INTO dimension_score (score_id, community_id, dimension, score_0_100, summary, details_json, data_origin, updated_at) VALUES ('e1b2fe5e439d4dd8b3b94f6bf1ca8433', 'woodbridge', 'Safety', 40.0, 'Safety score auto-generated by ingest pipeline', '{"median_rent": 3400.2223362668137, "commute_minutes": null, "grocery_density_per_km2": 0.442, "crime_rate_per_100k": null, "rent_trend_12m_pct": 2.48, "noise_avg_db": 62.0, "night_activity_index": 0.0, "review_signal_score": null}', 'api', '2026-02-24 05:30:17.966319');
INSERT INTO dimension_score (score_id, community_id, dimension, score_0_100, summary, details_json, data_origin, updated_at) VALUES ('14fc921f9914496db99f2609b70a61e7', 'woodbridge', 'Trend', 80.16, 'Trend score auto-generated by ingest pipeline', '{"median_rent": 3400.2223362668137, "commute_minutes": null, "grocery_density_per_km2": 0.442, "crime_rate_per_100k": null, "rent_trend_12m_pct": 2.48, "noise_avg_db": 62.0, "night_activity_index": 0.0, "review_signal_score": null}', 'api', '2026-02-24 05:30:17.970220');
INSERT INTO dimension_score (score_id, community_id, dimension, score_0_100, summary, details_json, data_origin, updated_at) VALUES ('3acc65ed7bb04c9b95c3452c93fa63d4', 'woodbridge', 'Noise', 7.0, 'Noise score auto-generated by ingest pipeline', '{"median_rent": 3400.2223362668137, "commute_minutes": null, "grocery_density_per_km2": 0.442, "crime_rate_per_100k": null, "rent_trend_12m_pct": 2.48, "noise_avg_db": 62.0, "night_activity_index": 0.0, "review_signal_score": null}', 'api', '2026-02-24 05:30:17.974464');
INSERT INTO dimension_score (score_id, community_id, dimension, score_0_100, summary, details_json, data_origin, updated_at) VALUES ('3d67af4ab7de4e80b5b0df1ec2b31fc1', 'woodbridge', 'Nightlife', 60.0, 'Nightlife score auto-generated by ingest pipeline', '{"median_rent": 3400.2223362668137, "commute_minutes": null, "grocery_density_per_km2": 0.442, "crime_rate_per_100k": null, "rent_trend_12m_pct": 2.48, "noise_avg_db": 62.0, "night_activity_index": 0.0, "review_signal_score": null}', 'api', '2026-02-24 05:30:17.980218');
INSERT INTO dimension_score (score_id, community_id, dimension, score_0_100, summary, details_json, data_origin, updated_at) VALUES ('4ebc48c345ee4850aa1d3d372613b039', 'woodbridge', 'Reviews', 60.0, 'Reviews score auto-generated by ingest pipeline', '{"median_rent": 3400.2223362668137, "commute_minutes": null, "grocery_density_per_km2": 0.442, "crime_rate_per_100k": null, "rent_trend_12m_pct": 2.48, "noise_avg_db": 62.0, "night_activity_index": 0.0, "review_signal_score": null}', 'api', '2026-02-24 05:30:17.984581');
INSERT INTO dimension_score (score_id, community_id, dimension, score_0_100, summary, details_json, data_origin, updated_at) VALUES ('efd10b6addb94ec2a3090470cb94221a', 'university-town-center', 'Cost', 32.0, 'Cost score auto-generated by ingest pipeline', '{"median_rent": 3400.2223362668137, "commute_minutes": null, "grocery_density_per_km2": 1.326, "crime_rate_per_100k": null, "rent_trend_12m_pct": 2.48, "noise_avg_db": null, "night_activity_index": 16.67, "review_signal_score": null}', 'api', '2026-02-24 05:30:41.074519');
INSERT INTO dimension_score (score_id, community_id, dimension, score_0_100, summary, details_json, data_origin, updated_at) VALUES ('da660d5639a24a52a9f77cdcf113a6b2', 'university-town-center', 'Transit', 40.0, 'Transit score auto-generated by ingest pipeline', '{"median_rent": 3400.2223362668137, "commute_minutes": null, "grocery_density_per_km2": 1.326, "crime_rate_per_100k": null, "rent_trend_12m_pct": 2.48, "noise_avg_db": null, "night_activity_index": 16.67, "review_signal_score": null}', 'api', '2026-02-24 05:30:41.079339');
INSERT INTO dimension_score (score_id, community_id, dimension, score_0_100, summary, details_json, data_origin, updated_at) VALUES ('0dfbda55c34646b4ae693fd970629dac', 'university-town-center', 'Convenience', 8.62, 'Convenience score auto-generated by ingest pipeline', '{"median_rent": 3400.2223362668137, "commute_minutes": null, "grocery_density_per_km2": 1.326, "crime_rate_per_100k": null, "rent_trend_12m_pct": 2.48, "noise_avg_db": null, "night_activity_index": 16.67, "review_signal_score": null}', 'api', '2026-02-24 05:30:41.083991');
INSERT INTO dimension_score (score_id, community_id, dimension, score_0_100, summary, details_json, data_origin, updated_at) VALUES ('5739c5819f9543b28983d9b7bc0f1c7a', 'university-town-center', 'Safety', 40.0, 'Safety score auto-generated by ingest pipeline', '{"median_rent": 3400.2223362668137, "commute_minutes": null, "grocery_density_per_km2": 1.326, "crime_rate_per_100k": null, "rent_trend_12m_pct": 2.48, "noise_avg_db": null, "night_activity_index": 16.67, "review_signal_score": null}', 'api', '2026-02-24 05:30:41.089737');
INSERT INTO dimension_score (score_id, community_id, dimension, score_0_100, summary, details_json, data_origin, updated_at) VALUES ('700c3ace8ed44e719989c21a81c67516', 'irvine-spectrum', 'Transit', 40.0, 'Transit score auto-generated by ingest pipeline', '{"median_rent": 3400.2223362668137, "commute_minutes": null, "grocery_density_per_km2": 0.884, "crime_rate_per_100k": null, "rent_trend_12m_pct": 2.48, "noise_avg_db": 75.0, "night_activity_index": 0.0, "review_signal_score": null}', 'api', '2026-02-24 05:30:02.232475');
INSERT INTO dimension_score (score_id, community_id, dimension, score_0_100, summary, details_json, data_origin, updated_at) VALUES ('996761d975ae4376a2822f7af18289c4', 'irvine-spectrum', 'Convenience', 5.75, 'Convenience score auto-generated by ingest pipeline', '{"median_rent": 3400.2223362668137, "commute_minutes": null, "grocery_density_per_km2": 0.884, "crime_rate_per_100k": null, "rent_trend_12m_pct": 2.48, "noise_avg_db": 75.0, "night_activity_index": 0.0, "review_signal_score": null}', 'api', '2026-02-24 05:30:02.235570');
INSERT INTO dimension_score (score_id, community_id, dimension, score_0_100, summary, details_json, data_origin, updated_at) VALUES ('a5adff9cb7104c1285bffcc0a80cb52a', 'university-town-center', 'Nightlife', 20.0, 'Nightlife score auto-generated by ingest pipeline', '{"median_rent": 3400.2223362668137, "commute_minutes": null, "grocery_density_per_km2": 1.326, "crime_rate_per_100k": null, "rent_trend_12m_pct": 2.48, "noise_avg_db": null, "night_activity_index": 16.67, "review_signal_score": null}', 'api', '2026-02-24 05:30:41.108117');
INSERT INTO dimension_score (score_id, community_id, dimension, score_0_100, summary, details_json, data_origin, updated_at) VALUES ('836482ecb6614745abaa933e1f7a37a2', 'university-town-center', 'Reviews', 60.0, 'Reviews score auto-generated by ingest pipeline', '{"median_rent": 3400.2223362668137, "commute_minutes": null, "grocery_density_per_km2": 1.326, "crime_rate_per_100k": null, "rent_trend_12m_pct": 2.48, "noise_avg_db": null, "night_activity_index": 16.67, "review_signal_score": null}', 'api', '2026-02-24 05:30:41.113910');
INSERT INTO dimension_score (score_id, community_id, dimension, score_0_100, summary, details_json, data_origin, updated_at) VALUES ('65b29a434b33461eb3c1239b6f1f5909', 'turtle-rock', 'Cost', 32.0, 'Cost score auto-generated by ingest pipeline', '{"median_rent": 3400.2223362668137, "commute_minutes": null, "grocery_density_per_km2": null, "crime_rate_per_100k": null, "rent_trend_12m_pct": 2.48, "noise_avg_db": 62.0, "night_activity_index": 0.0, "review_signal_score": null}', 'api', '2026-02-24 05:31:01.706578');
INSERT INTO dimension_score (score_id, community_id, dimension, score_0_100, summary, details_json, data_origin, updated_at) VALUES ('adb5dd68dfc3485fa365087e150ee4c4', 'turtle-rock', 'Transit', 40.0, 'Transit score auto-generated by ingest pipeline', '{"median_rent": 3400.2223362668137, "commute_minutes": null, "grocery_density_per_km2": null, "crime_rate_per_100k": null, "rent_trend_12m_pct": 2.48, "noise_avg_db": 62.0, "night_activity_index": 0.0, "review_signal_score": null}', 'api', '2026-02-24 05:31:01.714114');
INSERT INTO dimension_score (score_id, community_id, dimension, score_0_100, summary, details_json, data_origin, updated_at) VALUES ('cdb9ec4e166d43d6811afd96f5e3f497', 'turtle-rock', 'Convenience', 52.0, 'Convenience score auto-generated by ingest pipeline', '{"median_rent": 3400.2223362668137, "commute_minutes": null, "grocery_density_per_km2": null, "crime_rate_per_100k": null, "rent_trend_12m_pct": 2.48, "noise_avg_db": 62.0, "night_activity_index": 0.0, "review_signal_score": null}', 'api', '2026-02-24 05:31:01.719232');
INSERT INTO dimension_score (score_id, community_id, dimension, score_0_100, summary, details_json, data_origin, updated_at) VALUES ('ef62e41d145a4c5b97ebbfdd1b4e7b78', 'turtle-rock', 'Safety', 40.0, 'Safety score auto-generated by ingest pipeline', '{"median_rent": 3400.2223362668137, "commute_minutes": null, "grocery_density_per_km2": null, "crime_rate_per_100k": null, "rent_trend_12m_pct": 2.48, "noise_avg_db": 62.0, "night_activity_index": 0.0, "review_signal_score": null}', 'api', '2026-02-24 05:31:01.722735');
INSERT INTO dimension_score (score_id, community_id, dimension, score_0_100, summary, details_json, data_origin, updated_at) VALUES ('938060bff8e243b6b94c438d8bcc292d', 'turtle-rock', 'Trend', 80.16, 'Trend score auto-generated by ingest pipeline', '{"median_rent": 3400.2223362668137, "commute_minutes": null, "grocery_density_per_km2": null, "crime_rate_per_100k": null, "rent_trend_12m_pct": 2.48, "noise_avg_db": 62.0, "night_activity_index": 0.0, "review_signal_score": null}', 'api', '2026-02-24 05:31:01.726953');
INSERT INTO dimension_score (score_id, community_id, dimension, score_0_100, summary, details_json, data_origin, updated_at) VALUES ('ae4f902fb3b04fa0a372415af0167cd2', 'turtle-rock', 'Noise', 7.0, 'Noise score auto-generated by ingest pipeline', '{"median_rent": 3400.2223362668137, "commute_minutes": null, "grocery_density_per_km2": null, "crime_rate_per_100k": null, "rent_trend_12m_pct": 2.48, "noise_avg_db": 62.0, "night_activity_index": 0.0, "review_signal_score": null}', 'api', '2026-02-24 05:31:01.731497');
INSERT INTO dimension_score (score_id, community_id, dimension, score_0_100, summary, details_json, data_origin, updated_at) VALUES ('a20bae20d7224b2399d30d7949798612', 'turtle-rock', 'Nightlife', 60.0, 'Nightlife score auto-generated by ingest pipeline', '{"median_rent": 3400.2223362668137, "commute_minutes": null, "grocery_density_per_km2": null, "crime_rate_per_100k": null, "rent_trend_12m_pct": 2.48, "noise_avg_db": 62.0, "night_activity_index": 0.0, "review_signal_score": null}', 'api', '2026-02-24 05:31:01.736104');
INSERT INTO dimension_score (score_id, community_id, dimension, score_0_100, summary, details_json, data_origin, updated_at) VALUES ('9adc1892b16f40aa8e715f6109b472a2', 'turtle-rock', 'Reviews', 60.0, 'Reviews score auto-generated by ingest pipeline', '{"median_rent": 3400.2223362668137, "commute_minutes": null, "grocery_density_per_km2": null, "crime_rate_per_100k": null, "rent_trend_12m_pct": 2.48, "noise_avg_db": 62.0, "night_activity_index": 0.0, "review_signal_score": null}', 'api', '2026-02-24 05:31:01.741906');
INSERT INTO dimension_score (score_id, community_id, dimension, score_0_100, summary, details_json, data_origin, updated_at) VALUES ('84d4832798994e1c84025fe39073424b', 'northwood', 'Cost', 50.0, 'Cost score auto-generated by ingest pipeline', '{"median_rent": null, "commute_minutes": null, "grocery_density_per_km2": null, "crime_rate_per_100k": null, "rent_trend_12m_pct": null, "noise_avg_db": 68.0, "night_activity_index": 0.0, "review_signal_score": null}', 'api', '2026-02-24 05:31:28.766416');
INSERT INTO dimension_score (score_id, community_id, dimension, score_0_100, summary, details_json, data_origin, updated_at) VALUES ('4362784702b64836b13ab775e0a39800', 'northwood', 'Transit', 40.0, 'Transit score auto-generated by ingest pipeline', '{"median_rent": null, "commute_minutes": null, "grocery_density_per_km2": null, "crime_rate_per_100k": null, "rent_trend_12m_pct": null, "noise_avg_db": 68.0, "night_activity_index": 0.0, "review_signal_score": null}', 'api', '2026-02-24 05:31:28.772429');
INSERT INTO dimension_score (score_id, community_id, dimension, score_0_100, summary, details_json, data_origin, updated_at) VALUES ('8f2e9c07a3b74218ac3e757d8b2d2fdf', 'northwood', 'Convenience', 52.0, 'Convenience score auto-generated by ingest pipeline', '{"median_rent": null, "commute_minutes": null, "grocery_density_per_km2": null, "crime_rate_per_100k": null, "rent_trend_12m_pct": null, "noise_avg_db": 68.0, "night_activity_index": 0.0, "review_signal_score": null}', 'api', '2026-02-24 05:31:28.779413');
INSERT INTO dimension_score (score_id, community_id, dimension, score_0_100, summary, details_json, data_origin, updated_at) VALUES ('de8a1f13ae00491fb9cf0a19df4cedb4', 'northwood', 'Safety', 40.0, 'Safety score auto-generated by ingest pipeline', '{"median_rent": null, "commute_minutes": null, "grocery_density_per_km2": null, "crime_rate_per_100k": null, "rent_trend_12m_pct": null, "noise_avg_db": 68.0, "night_activity_index": 0.0, "review_signal_score": null}', 'api', '2026-02-24 05:31:28.785342');
INSERT INTO dimension_score (score_id, community_id, dimension, score_0_100, summary, details_json, data_origin, updated_at) VALUES ('aa7281cb34c242c482e665dc914a57e8', 'northwood', 'Trend', 76.0, 'Trend score auto-generated by ingest pipeline', '{"median_rent": null, "commute_minutes": null, "grocery_density_per_km2": null, "crime_rate_per_100k": null, "rent_trend_12m_pct": null, "noise_avg_db": 68.0, "night_activity_index": 0.0, "review_signal_score": null}', 'api', '2026-02-24 05:31:28.790261');
INSERT INTO dimension_score (score_id, community_id, dimension, score_0_100, summary, details_json, data_origin, updated_at) VALUES ('dda30818656844f0bc85fadaf7c2db10', 'northwood', 'Noise', 0.0, 'Noise score auto-generated by ingest pipeline', '{"median_rent": null, "commute_minutes": null, "grocery_density_per_km2": null, "crime_rate_per_100k": null, "rent_trend_12m_pct": null, "noise_avg_db": 68.0, "night_activity_index": 0.0, "review_signal_score": null}', 'api', '2026-02-24 05:31:28.795339');
INSERT INTO dimension_score (score_id, community_id, dimension, score_0_100, summary, details_json, data_origin, updated_at) VALUES ('342a3e3cce58452ba710546da2707e89', 'northwood', 'Nightlife', 60.0, 'Nightlife score auto-generated by ingest pipeline', '{"median_rent": null, "commute_minutes": null, "grocery_density_per_km2": null, "crime_rate_per_100k": null, "rent_trend_12m_pct": null, "noise_avg_db": 68.0, "night_activity_index": 0.0, "review_signal_score": null}', 'api', '2026-02-24 05:31:28.800710');
INSERT INTO dimension_score (score_id, community_id, dimension, score_0_100, summary, details_json, data_origin, updated_at) VALUES ('e4e178887cae42189cba4230678e3823', 'northwood', 'Reviews', 60.0, 'Reviews score auto-generated by ingest pipeline', '{"median_rent": null, "commute_minutes": null, "grocery_density_per_km2": null, "crime_rate_per_100k": null, "rent_trend_12m_pct": null, "noise_avg_db": 68.0, "night_activity_index": 0.0, "review_signal_score": null}', 'api', '2026-02-24 05:31:28.804478');
INSERT INTO dimension_score (score_id, community_id, dimension, score_0_100, summary, details_json, data_origin, updated_at) VALUES ('1b4aac0aa59c4fe394ab4388725fedaf', 'university-town-center', 'Noise', 17.5, 'Noise score auto-generated by ingest pipeline', '{"median_rent": 3400.2223362668137, "commute_minutes": null, "grocery_density_per_km2": 1.326, "crime_rate_per_100k": null, "rent_trend_12m_pct": 2.48, "noise_avg_db": null, "night_activity_index": 16.67, "review_signal_score": null}', 'api', '2026-02-24 05:30:41.102299');
INSERT INTO dimension_score (score_id, community_id, dimension, score_0_100, summary, details_json, data_origin, updated_at) VALUES ('0b2063abef634d1a90b7d2dc0812d690', 'irvine-spectrum', 'Cost', 32.0, 'Cost score auto-generated by ingest pipeline', '{"median_rent": 3400.2223362668137, "commute_minutes": null, "grocery_density_per_km2": 0.884, "crime_rate_per_100k": null, "rent_trend_12m_pct": 2.48, "noise_avg_db": 75.0, "night_activity_index": 0.0, "review_signal_score": null}', 'api', '2026-02-24 05:30:02.228615');
INSERT INTO dimension_score (score_id, community_id, dimension, score_0_100, summary, details_json, data_origin, updated_at) VALUES ('5ffcb292ff3e451aadb0fc83fc7fe232', 'university-town-center', 'Trend', 80.16, 'Trend score auto-generated by ingest pipeline', '{"median_rent": 3400.2223362668137, "commute_minutes": null, "grocery_density_per_km2": 1.326, "crime_rate_per_100k": null, "rent_trend_12m_pct": 2.48, "noise_avg_db": null, "night_activity_index": 16.67, "review_signal_score": null}', 'api', '2026-02-24 05:30:41.096204');
INSERT INTO dimension_score (score_id, community_id, dimension, score_0_100, summary, details_json, data_origin, updated_at) VALUES ('96d04ae1da2a4c79b1ed8ea72707d4a6', 'costa-mesa-border', 'Cost', 50.0, 'Cost score auto-generated by ingest pipeline', '{"median_rent": null, "commute_minutes": null, "grocery_density_per_km2": 2.432, "crime_rate_per_100k": null, "rent_trend_12m_pct": null, "noise_avg_db": 75.0, "night_activity_index": 6.67, "review_signal_score": null}', 'api', '2026-02-24 05:31:43.404013');
INSERT INTO dimension_score (score_id, community_id, dimension, score_0_100, summary, details_json, data_origin, updated_at) VALUES ('e6901457996e45769c56a6095eed926c', 'costa-mesa-border', 'Transit', 40.0, 'Transit score auto-generated by ingest pipeline', '{"median_rent": null, "commute_minutes": null, "grocery_density_per_km2": 2.432, "crime_rate_per_100k": null, "rent_trend_12m_pct": null, "noise_avg_db": 75.0, "night_activity_index": 6.67, "review_signal_score": null}', 'api', '2026-02-24 05:31:43.410976');
INSERT INTO dimension_score (score_id, community_id, dimension, score_0_100, summary, details_json, data_origin, updated_at) VALUES ('aee077f8e7b0405b937f537410fcbe84', 'costa-mesa-border', 'Convenience', 15.81, 'Convenience score auto-generated by ingest pipeline', '{"median_rent": null, "commute_minutes": null, "grocery_density_per_km2": 2.432, "crime_rate_per_100k": null, "rent_trend_12m_pct": null, "noise_avg_db": 75.0, "night_activity_index": 6.67, "review_signal_score": null}', 'api', '2026-02-24 05:31:43.417372');
INSERT INTO dimension_score (score_id, community_id, dimension, score_0_100, summary, details_json, data_origin, updated_at) VALUES ('6a7c6c6f1744470a82dd5400b913dfe3', 'costa-mesa-border', 'Safety', 40.0, 'Safety score auto-generated by ingest pipeline', '{"median_rent": null, "commute_minutes": null, "grocery_density_per_km2": 2.432, "crime_rate_per_100k": null, "rent_trend_12m_pct": null, "noise_avg_db": 75.0, "night_activity_index": 6.67, "review_signal_score": null}', 'api', '2026-02-24 05:31:43.423384');
INSERT INTO dimension_score (score_id, community_id, dimension, score_0_100, summary, details_json, data_origin, updated_at) VALUES ('101f2582a67d4e83bd8de2e2a8a32277', 'costa-mesa-border', 'Trend', 76.0, 'Trend score auto-generated by ingest pipeline', '{"median_rent": null, "commute_minutes": null, "grocery_density_per_km2": 2.432, "crime_rate_per_100k": null, "rent_trend_12m_pct": null, "noise_avg_db": 75.0, "night_activity_index": 6.67, "review_signal_score": null}', 'api', '2026-02-24 05:31:43.428024');
INSERT INTO dimension_score (score_id, community_id, dimension, score_0_100, summary, details_json, data_origin, updated_at) VALUES ('f78bf47c2cdf40bc8d56d3697f2ddf94', 'costa-mesa-border', 'Noise', 0.0, 'Noise score auto-generated by ingest pipeline', '{"median_rent": null, "commute_minutes": null, "grocery_density_per_km2": 2.432, "crime_rate_per_100k": null, "rent_trend_12m_pct": null, "noise_avg_db": 75.0, "night_activity_index": 6.67, "review_signal_score": null}', 'api', '2026-02-24 05:31:43.432833');
INSERT INTO dimension_score (score_id, community_id, dimension, score_0_100, summary, details_json, data_origin, updated_at) VALUES ('220c01a3985741be825a478d53ae8711', 'costa-mesa-border', 'Nightlife', 8.0, 'Nightlife score auto-generated by ingest pipeline', '{"median_rent": null, "commute_minutes": null, "grocery_density_per_km2": 2.432, "crime_rate_per_100k": null, "rent_trend_12m_pct": null, "noise_avg_db": 75.0, "night_activity_index": 6.67, "review_signal_score": null}', 'api', '2026-02-24 05:31:43.437173');
INSERT INTO dimension_score (score_id, community_id, dimension, score_0_100, summary, details_json, data_origin, updated_at) VALUES ('c7401e1b998f4ea893b7163e085d6008', 'costa-mesa-border', 'Reviews', 60.0, 'Reviews score auto-generated by ingest pipeline', '{"median_rent": null, "commute_minutes": null, "grocery_density_per_km2": 2.432, "crime_rate_per_100k": null, "rent_trend_12m_pct": null, "noise_avg_db": 75.0, "night_activity_index": 6.67, "review_signal_score": null}', 'api', '2026-02-24 05:31:43.441222');

-- Table: community_comparison
DELETE FROM community_comparison;
-- No rows in community_comparison

